<?xml version="1.0" encoding="utf-8"?>
<System>
  <P Name="Location">[67, 27, 1920, 1080]</P>
  <P Name="SystemRect">[0.000000, 0.000000, 0.000000, 0.000000]</P>
  <P Name="Open">on</P>
  <P Name="SetExecutionDomain">off</P>
  <P Name="ExecutionDomainType">Deduce</P>
  <P Name="ZoomFactor">101</P>
  <P Name="ReportName">simulink-default.rpt</P>
  <P Name="SIDHighWatermark">115</P>
  <P Name="SimulinkSubDomain">Simulink</P>
  <Block BlockType="Reference" Name="Blank Message" SID="112">
    <P Name="Ports">[0, 1]</P>
    <P Name="Position">[-225, 110, -75, 190]</P>
    <P Name="ZOrder">341</P>
    <P Name="LibraryVersion">1.374</P>
    <P Name="SourceBlock">robotlib/Blank Message</P>
    <P Name="SourceType">ROS Blank Message</P>
    <P Name="SourceProductBaseCode">RR</P>
    <InstanceData>
      <P Name="RTWMemSecFuncInitTerm">Inherit from model</P>
      <P Name="RTWMemSecFuncExecute">Inherit from model</P>
      <P Name="RTWMemSecDataConstants">Inherit from model</P>
      <P Name="RTWMemSecDataInternal">Inherit from model</P>
      <P Name="RTWMemSecDataParameters">Inherit from model</P>
      <P Name="ContentPreviewEnabled">on</P>
      <P Name="messageClass">Message</P>
      <P Name="entityType">std_msgs/Float64</P>
      <P Name="messageType">std_msgs/Float64</P>
      <P Name="SampleTime">inf</P>
      <P Name="legacyBusStruct">off</P>
    </InstanceData>
  </Block>
  <Block BlockType="BusAssignment" Name="Bus&#xA;Assignment" SID="114">
    <P Name="Ports">[2, 1]</P>
    <P Name="Position">[-5, 141, 40, 179]</P>
    <P Name="ZOrder">343</P>
    <P Name="AssignedSignals">Data</P>
  </Block>
  <Block BlockType="BusSelector" Name="Bus&#xA;Selector1" SID="72">
    <P Name="Ports">[1, 3]</P>
    <P Name="Position">[-545, 639, -540, 791]</P>
    <P Name="ZOrder">322</P>
    <P Name="ShowName">off</P>
    <P Name="OutputSignals">inputsignal.input,limits.upper_saturation_limit,limits.lower_saturation_limit</P>
    <Port>
      <P Name="PortNumber">1</P>
      <P Name="Name">&lt;input&gt;</P>
    </Port>
    <Port>
      <P Name="PortNumber">2</P>
      <P Name="Name">&lt;upper_saturation_limit&gt;</P>
    </Port>
    <Port>
      <P Name="PortNumber">3</P>
      <P Name="Name">&lt;lower_saturation_limit&gt;</P>
    </Port>
  </Block>
  <Block BlockType="CCaller" Name="C Caller" SID="16">
    <P Name="Ports">[2, 1]</P>
    <P Name="Position">[-910, 152, -810, 203]</P>
    <P Name="ZOrder">281</P>
    <P Name="FunctionName">add</P>
    <P Name="PortSpecificationStruct">  %)30     .    6 4   8    (     @         %    &quot;     ,    !     0         %  0 &quot;0    $    _    07)G3F%M90  4&amp;]R=$YA;64 4V-O&lt;&amp;4     26YD97@     5&apos;EP90      4VEZ90      27-&apos;;&amp;]B86P   X    P    !@    @    $          4    (     0    ,    !         !   P!O=70 #@   #     &amp;    &quot;     0         !0    @    !     P    $         $  # &amp;]U=  .    .     8    (    !          %    &quot;     $    &amp;     0         0    !@   $]U=&apos;!U=   #@   #@    &amp;    &quot;     8         !0    @    !     0    $         &quot;0    @               X    X    !@    @    $          4    (     0    8    !         !     &amp;    9&amp;]U8FQE   .    ,     8    (    !          %    &quot;     $    !     0         0  $ ,0    X    P    !@    @    ) @        4    (     0    $    !          (  0      #@   #     &amp;    &quot;     0         !0    @    !     @    $         $  &quot; &apos;4Q   .    ,     8    (    !          %    &quot;     $    &quot;     0         0  ( =3$   X    X    !@    @    $          4    (     0    4    !         !     %    26YP=70    .    .     8    (    !@         %    &quot;     $    !     0         )    &quot;               #@   #@    &amp;    &quot;     0         !0    @    !    !@    $         $     8   !D;W5B;&amp;4   X    P    !@    @    $          4    (     0    $    !         !   0 Q    #@   #     &amp;    &quot;     D&quot;        !0    @    !     0    $          @ !       .    ,     8    (    !          %    &quot;     $    &quot;     0         0  ( =3(   X    P    !@    @    $          4    (     0    (    !         !   @!U,@  #@   #@    &amp;    &quot;     0         !0    @    !    !0    $         $     4   !);G!U=     X    X    !@    @    &amp;          4    (     0    $    !          D    (            \#\.    .     8    (    !          %    &quot;     $    &amp;     0         0    !@   &amp;1O=6)L90  #@   #     &amp;    &quot;     0         !0    @    !     0    $         $  ! #$    .    ,     8    (    &quot;0(        %    &quot;     $    !     0         &quot;  $       </P>
  </Block>
  <Block BlockType="CCaller" Name="C Caller1" SID="103">
    <P Name="Ports">[1, 1]</P>
    <P Name="Position">[-915, 330, -815, 380]</P>
    <P Name="ZOrder">334</P>
    <P Name="FunctionName">timesK</P>
    <P Name="PortSpecificationStruct">  %)30     .    8 4   8    (     @         %    &quot;     ,    !     0         %  0 &quot;0    $    _    07)G3F%M90  4&amp;]R=$YA;64 4V-O&lt;&amp;4     26YD97@     5&apos;EP90      4VEZ90      27-&apos;;&amp;]B86P   X    P    !@    @    $          4    (     0    ,    !         !   P!O=70 #@   #     &amp;    &quot;     0         !0    @    !     P    $         $  # &amp;]U=  .    .     8    (    !          %    &quot;     $    &amp;     0         0    !@   $]U=&apos;!U=   #@   #@    &amp;    &quot;     8         !0    @    !     0    $         &quot;0    @               X    X    !@    @    $          4    (     0    8    !         !     &amp;    9&amp;]U8FQE   .    ,     8    (    !          %    &quot;     $    !     0         0  $ ,0    X    P    !@    @    ) @        4    (     0    $    !          (  0      #@   #     &amp;    &quot;     0         !0    @    !     0    $         $  ! &apos;4    .    ,     8    (    !          %    &quot;     $    !     0         0  $ =0    X    X    !@    @    $          4    (     0    4    !         !     %    26YP=70    .    .     8    (    !@         %    &quot;     $    !     0         )    &quot;               #@   #@    &amp;    &quot;     0         !0    @    !    !@    $         $     8   !D;W5B;&amp;4   X    P    !@    @    $          4    (     0    $    !         !   0 Q    #@   #     &amp;    &quot;     D&quot;        !0    @    !     0    $          @ !       .    ,     8    (    !          %    &quot;     $    !     0         0  $ 2P    X    P    !@    @    $          4    (     0    $    !         !   0!+    #@   $     &amp;    &quot;     0         !0    @    !    &quot;0    $         $     D   !087)A;65T97(         #@   #@    &amp;    &quot;     8         !0    @    !     0    $         &quot;0    @               X    X    !@    @    $          4    (     0    8    !         !     &amp;    9&amp;]U8FQE   .    ,     8    (    !          %    &quot;     $    !     0         0  $ ,0    X    P    !@    @    ) @        4    (     0    $    !          (  0      </P>
    <P Name="K">2</P>
  </Block>
  <Block BlockType="CCaller" Name="C Caller2" SID="94">
    <P Name="Ports">[1, 1]</P>
    <P Name="Position">[-600, 412, -430, 468]</P>
    <P Name="ZOrder">331</P>
    <P Name="FunctionName">getNextTrafficLight</P>
    <P Name="PortSpecificationStruct">  %)30     .    Z ,   8    (     @         %    &quot;     (    !     0         %  0 &quot;0    $    _    07)G3F%M90  4&amp;]R=$YA;64 4V-O&lt;&amp;4     26YD97@     5&apos;EP90      4VEZ90      27-&apos;;&amp;]B86P   X    P    !@    @    $          4    (     0    ,    !         !   P!O=70 #@   #     &amp;    &quot;     0         !0    @    !     P    $         $  # &amp;]U=  .    .     8    (    !          %    &quot;     $    &amp;     0         0    !@   $]U=&apos;!U=   #@   #@    &amp;    &quot;     8         !0    @    !     0    $         &quot;0    @               X   !(    !@    @    $          4    (     0   !&lt;    !         !     7    16YU;3H@5&apos;)A9F9I8TQI9VAT0V]L;W( #@   #     &amp;    &quot;     0         !0    @    !     0    $         $  ! #$    .    ,     8    (    &quot;0(        %    &quot;     $    !     0         &quot;  $       X    X    !@    @    $          4    (     0    &lt;    !         !     &apos;    8W5R&lt;F5N=  .    .     8    (    !          %    &quot;     $    &apos;     0         0    !P   &amp;-U&lt;G)E;G0 #@   #@    &amp;    &quot;     0         !0    @    !    !0    $         $     4   !);G!U=     X    X    !@    @    &amp;          4    (     0    $    !          D    (               .    2     8    (    !          %    &quot;     $    7     0         0    %P   $5N=6TZ(%1R869F:6-,:6=H=$-O;&amp;]R  X    P    !@    @    $          4    (     0    $    !         !   0 Q    #@   #     &amp;    &quot;     D&quot;        !0    @    !     0    $          @ !       </P>
  </Block>
  <Block BlockType="CCaller" Name="C Caller3" SID="105">
    <P Name="Ports">[1, 1]</P>
    <P Name="Position">[-955, 482, -825, 538]</P>
    <P Name="ZOrder">338</P>
    <P Name="FunctionName">incrementElement</P>
    <P Name="PortSpecificationStruct">  %)30     .    F 4   8    (     @         %    &quot;     ,    !     0         %  0 &quot;0    $    _    07)G3F%M90  4&amp;]R=$YA;64 4V-O&lt;&amp;4     26YD97@     5&apos;EP90      4VEZ90      27-&apos;;&amp;]B86P   X    P    !@    @    $          4    (     0    $    !         !   0!U    #@   #     &amp;    &quot;     0         !0    @    !     0    $         $  ! &apos;4    .    0     8    (    !          %    &quot;     $    +     0         0    &quot;P   $EN&lt;&apos;5T3W5T&lt;&apos;5T       .    .     8    (    !@         %    &quot;     $    !     0         )    &quot;               #@   #@    &amp;    &quot;     0         !0    @    !    !0    $         $     4   !I;G0S,@    X    P    !@    @    $          4    (     0    (    !         !   @ M,0  #@   #     &amp;    &quot;     D&quot;        !0    @    !     0    $          @ !       .    ,     8    (    !          %    &quot;     $    $     0         0  0 &lt;VEZ90X   !     !@    @    $          4    (     0    D    !         !     )    &lt;VEZ92AU+#$I          X    X    !@    @    $          4    (     0    @    !         !     (    0V]N&lt;W1A;G0.    .     8    (    !@         %    &quot;     $    !     0         )    &quot;               #@   #@    &amp;    &quot;     0         !0    @    !    !@    $         $     8   !U:6YT,S(   X    P    !@    @    $          4    (     0    $    !         !   0 Q    #@   #     &amp;    &quot;     D&quot;        !0    @    !     0    $          @ !       .    0     8    (    !          %    &quot;     $    -     0         0    #0   &amp;EN8W)E;65N=%]I9&apos;@    .    0     8    (    !          %    &quot;     $    -     0         0    #0   &amp;EN8W)E;65N=%]I9&apos;@    .    0     8    (    !          %    &quot;     $    )     0         0    &quot;0   %!A&lt;F%M971E&lt;@         .    .     8    (    !@         %    &quot;     $    !     0         )    &quot;            / _#@   #@    &amp;    &quot;     0         !0    @    !    !@    $         $     8   !U:6YT,S(   X    P    !@    @    $          4    (     0    $    !         !   0 Q    #@   #     &amp;    &quot;     D&quot;        !0    @    !     0    $          @ !       </P>
    <P Name="increment_idx">uint32(1)</P>
  </Block>
  <Block BlockType="CCaller" Name="C Caller4" SID="87">
    <P Name="Ports">[2, 2]</P>
    <P Name="Position">[-720, 702, -620, 753]</P>
    <P Name="ZOrder">323</P>
    <P Name="FunctionName">counterbusFcn</P>
    <P Name="PortSpecificationStruct">  %)30     .    &quot; &lt;   8    (     @         %    &quot;     0    !     0         %  0 &quot;0    $    _    07)G3F%M90  4&amp;]R=$YA;64 4V-O&lt;&amp;4     26YD97@     5&apos;EP90      4VEZ90      27-&apos;;&amp;]B86P   X    P    !@    @    $          4    (     0    (    !         !   @!U,0  #@   #     &amp;    &quot;     0         !0    @    !     @    $         $  &quot; &apos;4Q   .    .     8    (    !          %    &quot;     $    %     0         0    !0   $EN&lt;&apos;5T    #@   #@    &amp;    &quot;     8         !0    @    !     0    $         &quot;0    @               X   !     !@    @    $          4    (     0    \    !         !     /    0G5S.B!#3U5.5$520E53  X    P    !@    @    $          4    (     0    $    !         !   0 Q    #@   #     &amp;    &quot;     D&quot;        !0    @    !     0    $          @ !       .    ,     8    (    !          %    &quot;     $    &quot;     0         0  ( =3(   X    P    !@    @    $          4    (     0    (    !         !   @!U,@  #@   #@    &amp;    &quot;     0         !0    @    !    !0    $         $     4   !);G!U=     X    X    !@    @    &amp;          4    (     0    $    !          D    (            \#\.    .     8    (    !          %    &quot;     $    %     0         0    !0   &amp;EN=#,R    #@   #     &amp;    &quot;     0         !0    @    !     0    $         $  ! #$    .    ,     8    (    &quot;0(        %    &quot;     $    !     0         &quot;  $       X    P    !@    @    $          4    (     0    (    !         !   @!Y,0  #@   #     &amp;    &quot;     0         !0    @    !     @    $         $  &quot; &apos;DQ   .    .     8    (    !          %    &quot;     $    &amp;     0         0    !@   $]U=&apos;!U=   #@   #@    &amp;    &quot;     8         !0    @    !     0    $         &quot;0    @               X   !     !@    @    $          4    (     0    \    !         !     /    0G5S.B!#3U5.5$520E53  X    P    !@    @    $          4    (     0    $    !         !   0 Q    #@   #     &amp;    &quot;     D&quot;        !0    @    !     0    $          @ !       .    ,     8    (    !          %    &quot;     $    &quot;     0         0  ( &gt;3(   X    P    !@    @    $          4    (     0    (    !         !   @!Y,@  #@   #@    &amp;    &quot;     0         !0    @    !    !@    $         $     8   !/=71P=70   X    X    !@    @    &amp;          4    (     0    $    !          D    (            \#\.    .     8    (    !          %    &quot;     $    %     0         0    !0   &amp;EN=#,R    #@   #     &amp;    &quot;     0         !0    @    !     0    $         $  ! #$    .    ,     8    (    &quot;0(        %    &quot;     $    !     0         &quot;  $       </P>
  </Block>
  <Block BlockType="BusCreator" Name="COUNTERBUSCreator" SID="73">
    <P Name="Ports">[2, 1]</P>
    <P Name="Position">[-815, 657, -810, 773]</P>
    <P Name="ZOrder">321</P>
    <P Name="Inputs">2</P>
    <P Name="DisplayOption">bar</P>
    <P Name="OutDataTypeStr">Bus: COUNTERBUS</P>
    <P Name="NonVirtualBus">on</P>
    <P Name="InheritFromInputs">on</P>
    <Port>
      <P Name="PortNumber">1</P>
      <P Name="Name">COUNTERBUS</P>
    </Port>
  </Block>
  <Block BlockType="Constant" Name="Constant" SID="11">
    <P Name="Position">[-1065, 195, -1035, 225]</P>
    <P Name="ZOrder">8</P>
  </Block>
  <Block BlockType="Constant" Name="Constant1" SID="109">
    <P Name="Position">[-1070, 494, -995, 526]</P>
    <P Name="ZOrder">339</P>
    <P Name="Value">[1 2 3 4]</P>
    <P Name="OutDataTypeStr">int32</P>
  </Block>
  <Block BlockType="Delay" Name="Delay" SID="75">
    <P Name="Ports">[1, 1]</P>
    <P Name="Position">[-690, 803, -655, 837]</P>
    <P Name="ZOrder">319</P>
    <P Name="BlockMirror">on</P>
    <P Name="InputPortMap">u0</P>
  </Block>
  <Block BlockType="Delay" Name="Delay1" SID="95">
    <P Name="Ports">[2, 1]</P>
    <P Name="Position">[-570, 490, -535, 525]</P>
    <P Name="ZOrder">332</P>
    <P Name="BlockMirror">on</P>
    <P Name="InputPortMap">u0,p4</P>
    <P Name="DelayLength">1</P>
    <P Name="InitialConditionSource">Input port</P>
  </Block>
  <Block BlockType="Display" Name="Display" SID="76">
    <P Name="Ports">[1]</P>
    <P Name="Position">[-405, 652, -310, 678]</P>
    <P Name="ZOrder">318</P>
    <P Name="ShowName">off</P>
    <P Name="Format">short_e</P>
    <P Name="Decimation">1</P>
  </Block>
  <Block BlockType="Display" Name="Display1" SID="77">
    <P Name="Ports">[1]</P>
    <P Name="Position">[-405, 702, -310, 728]</P>
    <P Name="ZOrder">317</P>
    <P Name="ShowName">off</P>
    <P Name="Format">short_e</P>
    <P Name="Decimation">1</P>
  </Block>
  <Block BlockType="Display" Name="Display2" SID="78">
    <P Name="Ports">[1]</P>
    <P Name="Position">[-405, 752, -310, 778]</P>
    <P Name="ZOrder">316</P>
    <P Name="ShowName">off</P>
    <P Name="Format">short_e</P>
    <P Name="Decimation">1</P>
  </Block>
  <Block BlockType="Display" Name="Display3" SID="110">
    <P Name="Ports">[1]</P>
    <P Name="Position">[-770, 472, -680, 548]</P>
    <P Name="ZOrder">340</P>
    <P Name="Decimation">1</P>
  </Block>
  <Block BlockType="Reference" Name="Enumerated&#xA;Constant" SID="96">
    <P Name="Ports">[0, 1]</P>
    <P Name="Position">[-385, 500, -260, 530]</P>
    <P Name="ZOrder">333</P>
    <P Name="BlockMirror">on</P>
    <P Name="LibraryVersion">1.476</P>
    <P Name="SourceBlock">simulink/Sources/Enumerated
Constant</P>
    <P Name="SourceType">Enumerated Constant</P>
    <P Name="SourceProductBaseCode">SL</P>
    <InstanceData>
      <P Name="RTWMemSecFuncInitTerm">Inherit from model</P>
      <P Name="RTWMemSecFuncExecute">Inherit from model</P>
      <P Name="RTWMemSecDataConstants">Inherit from model</P>
      <P Name="RTWMemSecDataInternal">Inherit from model</P>
      <P Name="RTWMemSecDataParameters">Inherit from model</P>
      <P Name="ContentPreviewEnabled">on</P>
      <P Name="OutDataTypeStr">Enum: TrafficLightColor</P>
      <P Name="Value">TrafficLightColor.GREEN</P>
      <P Name="SampleTime">inf</P>
    </InstanceData>
  </Block>
  <Block BlockType="BusCreator" Name="LIMITBUSCreator" SID="79">
    <P Name="Ports">[2, 1]</P>
    <P Name="Position">[-905, 706, -900, 819]</P>
    <P Name="ZOrder">315</P>
    <P Name="Inputs">2</P>
    <P Name="DisplayOption">bar</P>
    <P Name="OutDataTypeStr">Bus: LIMITBUS</P>
    <P Name="NonVirtualBus">on</P>
    <P Name="InheritFromInputs">on</P>
    <Port>
      <P Name="PortNumber">1</P>
      <P Name="Name">limits</P>
      <P Name="DataLoggingName">LIMITBUS</P>
    </Port>
  </Block>
  <Block BlockType="Reference" Name="Publish" SID="113">
    <P Name="Ports">[1]</P>
    <P Name="Position">[110, 110, 260, 190]</P>
    <P Name="ZOrder">342</P>
    <P Name="LibraryVersion">1.374</P>
    <P Name="SourceBlock">robotlib/Publish</P>
    <P Name="SourceType">ROS Publish</P>
    <P Name="SourceProductBaseCode">RR</P>
    <InstanceData>
      <P Name="RTWMemSecFuncInitTerm">Inherit from model</P>
      <P Name="RTWMemSecFuncExecute">Inherit from model</P>
      <P Name="RTWMemSecDataConstants">Inherit from model</P>
      <P Name="RTWMemSecDataInternal">Inherit from model</P>
      <P Name="RTWMemSecDataParameters">Inherit from model</P>
      <P Name="ContentPreviewEnabled">on</P>
      <P Name="topicSource">Specify your own</P>
      <P Name="topic">/sine</P>
      <P Name="messageType">std_msgs/Float64</P>
      <P Name="legacyBusStruct">off</P>
      <P Name="messageQueueLength">1</P>
    </InstanceData>
  </Block>
  <Block BlockType="DiscretePulseGenerator" Name="Pulse&#xA;Generator1" SID="80">
    <P Name="Ports">[0, 1]</P>
    <P Name="Position">[-1045, 653, -1000, 687]</P>
    <P Name="ZOrder">314</P>
    <P Name="ShowName">off</P>
    <P Name="Amplitude">int32(1)</P>
    <P Name="SampleTime">0.1</P>
    <Port>
      <P Name="PortNumber">1</P>
      <P Name="Name">input</P>
    </Port>
  </Block>
  <Block BlockType="BusCreator" Name="SIGNALBUSCreator" SID="81">
    <P Name="Ports">[1, 1]</P>
    <P Name="Position">[-905, 651, -900, 689]</P>
    <P Name="ZOrder">313</P>
    <P Name="Inputs">1</P>
    <P Name="DisplayOption">bar</P>
    <P Name="OutDataTypeStr">Bus: SIGNALBUS</P>
    <P Name="NonVirtualBus">on</P>
    <P Name="InheritFromInputs">on</P>
    <Port>
      <P Name="PortNumber">1</P>
      <P Name="Name">inputsignal</P>
      <P Name="DataLoggingName">SIGNALBUS</P>
    </Port>
  </Block>
  <Block BlockType="Scope" Name="Scope" SID="8">
    <P Name="Ports">[2]</P>
    <P Name="Position">[-730, 116, -700, 149]</P>
    <P Name="ZOrder">7</P>
    <P Name="ScopeSpecificationString">Simulink.scopes.TimeScopeBlockCfg(&apos;CurrentConfiguration&apos;, extmgr.ConfigurationSet(extmgr.Configuration(&apos;Core&apos;,&apos;General UI&apos;,true),extmgr.Configuration(&apos;Core&apos;,&apos;Source UI&apos;,true),extmgr.Configuration(&apos;Sources&apos;,&apos;WiredSimulink&apos;,true,&apos;DataLoggingVariableName&apos;,&apos;scopeout1&apos;,&apos;DataLogging&apos;,true,&apos;DataLoggingSaveFormat&apos;,&apos;StructureWithTime&apos;),extmgr.Configuration(&apos;Visuals&apos;,&apos;Time Domain&apos;,true,&apos;SerializedDisplays&apos;,{struct(&apos;MinYLimReal&apos;,&apos;-1.37499&apos;,&apos;MaxYLimReal&apos;,&apos;2.37499&apos;,&apos;YLabelReal&apos;,&apos;&apos;,&apos;MinYLimMag&apos;,&apos;0.00000&apos;,&apos;MaxYLimMag&apos;,&apos;2.37499&apos;,&apos;LegendVisibility&apos;,&apos;Off&apos;,&apos;XGrid&apos;,true,&apos;YGrid&apos;,true,&apos;PlotMagPhase&apos;,false,&apos;AxesColor&apos;,[0 0 0],&apos;AxesTickColor&apos;,[0.686274509803922 0.686274509803922 0.686274509803922],&apos;ColorOrder&apos;,[1 1 0.0666666666666667;0.0745098039215686 0.623529411764706 1;1 0.411764705882353 0.16078431372549;0.392156862745098 0.831372549019608 0.0745098039215686;0.717647058823529 0.274509803921569 1;0.0588235294117647 1 1;1 0.0745098039215686 0.650980392156863],&apos;Title&apos;,&apos;%&lt;SignalLabel&gt;&apos;,&apos;LinePropertiesCache&apos;,{{}},&apos;UserDefinedChannelNames&apos;,{{}},&apos;NumLines&apos;,2,&apos;LineNames&apos;,{{&apos;Sine Wave&apos;,&apos;C Caller&apos;}},&apos;ShowContent&apos;,true,&apos;Placement&apos;,1)},&apos;DisplayPropertyDefaults&apos;,struct(&apos;MinYLimReal&apos;,&apos;-1.37499&apos;,&apos;MaxYLimReal&apos;,&apos;2.37499&apos;,&apos;YLabelReal&apos;,&apos;&apos;,&apos;MinYLimMag&apos;,&apos;0.00000&apos;,&apos;MaxYLimMag&apos;,&apos;2.37499&apos;,&apos;LegendVisibility&apos;,&apos;Off&apos;,&apos;XGrid&apos;,true,&apos;YGrid&apos;,true,&apos;PlotMagPhase&apos;,false,&apos;AxesColor&apos;,[0 0 0],&apos;AxesTickColor&apos;,[0.686274509803922 0.686274509803922 0.686274509803922],&apos;ColorOrder&apos;,[1 1 0.0666666666666667;0.0745098039215686 0.623529411764706 1;1 0.411764705882353 0.16078431372549;0.392156862745098 0.831372549019608 0.0745098039215686;0.717647058823529 0.274509803921569 1;0.0588235294117647 1 1;1 0.0745098039215686 0.650980392156863],&apos;Title&apos;,&apos;%&lt;SignalLabel&gt;&apos;)),extmgr.Configuration(&apos;Tools&apos;,&apos;Plot Navigation&apos;,true),extmgr.Configuration(&apos;Tools&apos;,&apos;Measurements&apos;,true,&apos;Version&apos;,&apos;2020b&apos;)),&apos;Version&apos;,&apos;2020b&apos;,&apos;Position&apos;,[610 354 307 233])</P>
    <P Name="NumInputPorts">2</P>
    <P Name="Floating">off</P>
  </Block>
  <Block BlockType="Scope" Name="Scope1" SID="13">
    <P Name="Ports">[2]</P>
    <P Name="Position">[-725, 291, -695, 324]</P>
    <P Name="ZOrder">14</P>
    <P Name="ScopeSpecificationString">Simulink.scopes.TimeScopeBlockCfg(&apos;CurrentConfiguration&apos;, extmgr.ConfigurationSet(extmgr.Configuration(&apos;Core&apos;,&apos;General UI&apos;,true),extmgr.Configuration(&apos;Core&apos;,&apos;Source UI&apos;,true),extmgr.Configuration(&apos;Sources&apos;,&apos;WiredSimulink&apos;,true,&apos;DataLoggingVariableName&apos;,&apos;scopeout2&apos;,&apos;DataLogging&apos;,true,&apos;DataLoggingSaveFormat&apos;,&apos;StructureWithTime&apos;),extmgr.Configuration(&apos;Visuals&apos;,&apos;Time Domain&apos;,true,&apos;SerializedDisplays&apos;,{struct(&apos;MinYLimReal&apos;,&apos;-2.49972&apos;,&apos;MaxYLimReal&apos;,&apos;2.49902&apos;,&apos;YLabelReal&apos;,&apos;&apos;,&apos;MinYLimMag&apos;,&apos;0.00000&apos;,&apos;MaxYLimMag&apos;,&apos;2.49972&apos;,&apos;LegendVisibility&apos;,&apos;Off&apos;,&apos;XGrid&apos;,true,&apos;YGrid&apos;,true,&apos;PlotMagPhase&apos;,false,&apos;AxesColor&apos;,[0 0 0],&apos;AxesTickColor&apos;,[0.686274509803922 0.686274509803922 0.686274509803922],&apos;ColorOrder&apos;,[1 1 0.0666666666666667;0.0745098039215686 0.623529411764706 1;1 0.411764705882353 0.16078431372549;0.392156862745098 0.831372549019608 0.0745098039215686;0.717647058823529 0.274509803921569 1;0.0588235294117647 1 1;1 0.0745098039215686 0.650980392156863],&apos;Title&apos;,&apos;%&lt;SignalLabel&gt;&apos;,&apos;LinePropertiesCache&apos;,{{}},&apos;UserDefinedChannelNames&apos;,{{}},&apos;NumLines&apos;,2,&apos;LineNames&apos;,{{&apos;Sine Wave1&apos;,&apos;C Caller1&apos;}},&apos;ShowContent&apos;,true,&apos;Placement&apos;,1)},&apos;DisplayPropertyDefaults&apos;,struct(&apos;MinYLimReal&apos;,&apos;-2.49972&apos;,&apos;MaxYLimReal&apos;,&apos;2.49902&apos;,&apos;YLabelReal&apos;,&apos;&apos;,&apos;MinYLimMag&apos;,&apos;0.00000&apos;,&apos;MaxYLimMag&apos;,&apos;2.49972&apos;,&apos;LegendVisibility&apos;,&apos;Off&apos;,&apos;XGrid&apos;,true,&apos;YGrid&apos;,true,&apos;PlotMagPhase&apos;,false,&apos;AxesColor&apos;,[0 0 0],&apos;AxesTickColor&apos;,[0.686274509803922 0.686274509803922 0.686274509803922],&apos;ColorOrder&apos;,[1 1 0.0666666666666667;0.0745098039215686 0.623529411764706 1;1 0.411764705882353 0.16078431372549;0.392156862745098 0.831372549019608 0.0745098039215686;0.717647058823529 0.274509803921569 1;0.0588235294117647 1 1;1 0.0745098039215686 0.650980392156863],&apos;Title&apos;,&apos;%&lt;SignalLabel&gt;&apos;)),extmgr.Configuration(&apos;Tools&apos;,&apos;Plot Navigation&apos;,true),extmgr.Configuration(&apos;Tools&apos;,&apos;Measurements&apos;,true,&apos;Version&apos;,&apos;2020b&apos;)),&apos;Version&apos;,&apos;2020b&apos;,&apos;Position&apos;,[620 364 297 232])</P>
    <P Name="NumInputPorts">2</P>
    <P Name="Floating">off</P>
  </Block>
  <Block BlockType="Scope" Name="Scope2" SID="92">
    <P Name="Ports">[1]</P>
    <P Name="Position">[-320, 383, -290, 417]</P>
    <P Name="ZOrder">328</P>
    <P Name="ScopeSpecificationString">Simulink.scopes.TimeScopeBlockCfg(&apos;CurrentConfiguration&apos;, extmgr.ConfigurationSet(extmgr.Configuration(&apos;Core&apos;,&apos;General UI&apos;,true),extmgr.Configuration(&apos;Core&apos;,&apos;Source UI&apos;,true),extmgr.Configuration(&apos;Sources&apos;,&apos;WiredSimulink&apos;,true,&apos;DataLoggingVariableName&apos;,&apos;scopeout3&apos;,&apos;DataLogging&apos;,true,&apos;DataLoggingSaveFormat&apos;,&apos;StructureWithTime&apos;),extmgr.Configuration(&apos;Visuals&apos;,&apos;Time Domain&apos;,true,&apos;SerializedDisplays&apos;,{struct(&apos;MinYLimReal&apos;,&apos;-0.25&apos;,&apos;MaxYLimReal&apos;,&apos;2.25&apos;,&apos;YLabelReal&apos;,&apos;&apos;,&apos;MinYLimMag&apos;,&apos;0.00000&apos;,&apos;MaxYLimMag&apos;,&apos;2.25&apos;,&apos;LegendVisibility&apos;,&apos;Off&apos;,&apos;XGrid&apos;,true,&apos;YGrid&apos;,true,&apos;PlotMagPhase&apos;,false,&apos;AxesColor&apos;,[0 0 0],&apos;AxesTickColor&apos;,[0.686274509803922 0.686274509803922 0.686274509803922],&apos;ColorOrder&apos;,[1 1 0.0666666666666667;0.0745098039215686 0.623529411764706 1;1 0.411764705882353 0.16078431372549;0.392156862745098 0.831372549019608 0.0745098039215686;0.717647058823529 0.274509803921569 1;0.0588235294117647 1 1;1 0.0745098039215686 0.650980392156863],&apos;Title&apos;,&apos;%&lt;SignalLabel&gt;&apos;,&apos;LinePropertiesCache&apos;,{{}},&apos;UserDefinedChannelNames&apos;,{{}},&apos;NumLines&apos;,1,&apos;LineNames&apos;,{{&apos;C Caller2&apos;}},&apos;ShowContent&apos;,true,&apos;Placement&apos;,1)},&apos;DisplayPropertyDefaults&apos;,struct(&apos;MinYLimReal&apos;,&apos;-0.25&apos;,&apos;MaxYLimReal&apos;,&apos;2.25&apos;,&apos;YLabelReal&apos;,&apos;&apos;,&apos;MinYLimMag&apos;,&apos;0.00000&apos;,&apos;MaxYLimMag&apos;,&apos;2.25&apos;,&apos;LegendVisibility&apos;,&apos;Off&apos;,&apos;XGrid&apos;,true,&apos;YGrid&apos;,true,&apos;PlotMagPhase&apos;,false,&apos;AxesColor&apos;,[0 0 0],&apos;AxesTickColor&apos;,[0.686274509803922 0.686274509803922 0.686274509803922],&apos;ColorOrder&apos;,[1 1 0.0666666666666667;0.0745098039215686 0.623529411764706 1;1 0.411764705882353 0.16078431372549;0.392156862745098 0.831372549019608 0.0745098039215686;0.717647058823529 0.274509803921569 1;0.0588235294117647 1 1;1 0.0745098039215686 0.650980392156863],&apos;Title&apos;,&apos;%&lt;SignalLabel&gt;&apos;)),extmgr.Configuration(&apos;Tools&apos;,&apos;Plot Navigation&apos;,true),extmgr.Configuration(&apos;Tools&apos;,&apos;Measurements&apos;,true,&apos;Version&apos;,&apos;2020b&apos;)),&apos;Version&apos;,&apos;2020b&apos;,&apos;Position&apos;,[655 255 800 454])</P>
    <P Name="NumInputPorts">1</P>
    <P Name="Floating">off</P>
  </Block>
  <Block BlockType="Sin" Name="Sine Wave" SID="4">
    <P Name="Ports">[0, 1]</P>
    <P Name="Position">[-1065, 150, -1035, 180]</P>
    <P Name="ZOrder">3</P>
    <P Name="SampleTime">0.1</P>
  </Block>
  <Block BlockType="Sin" Name="Sine Wave1" SID="27">
    <P Name="Ports">[0, 1]</P>
    <P Name="Position">[-1060, 340, -1030, 370]</P>
    <P Name="ZOrder">283</P>
    <P Name="SampleTime">0.1</P>
  </Block>
  <Block BlockType="SubSystem" Name="SubSystem1" SID="40">
    <P Name="Ports">[]</P>
    <P Name="Position">[-621, 208, -256, 229]</P>
    <P Name="ZOrder">287</P>
    <P Name="BackgroundColor">lightBlue</P>
    <P Name="DropShadow">on</P>
    <P Name="ShowName">off</P>
    <P Name="AttributesFormatString">\n</P>
    <P Name="OpenFcn">sfundemo_openfcn</P>
    <P Name="RequestExecContextInheritance">off</P>
    <Mask>
      <Display RunInitForIconRedraw="on">disp(x);</Display>
      <Initialization>x=sfundemo_maskdisp;</Initialization>
      <MaskParameter Name="filename" Type="edit" Evaluate="off" Tunable="off">
        <Prompt>filename</Prompt>
        <Value>my_func.h</Value>
      </MaskParameter>
      <DialogControl Type="Group" Name="DescGroupVar">
        <Prompt>%&lt;MaskType&gt;</Prompt>
        <DialogControl Type="Text" Name="DescTextVar">
          <Prompt>%&lt;MaskDescription&gt;</Prompt>
        </DialogControl>
      </DialogControl>
      <DialogControl Type="Group" Name="ParameterGroupVar">
        <Prompt>Simulink:studio:ToolBarParametersMenu</Prompt>
        <DialogControl Type="Edit" Name="filename">
          <Prompt>filename</Prompt>
        </DialogControl>
      </DialogControl>
    </Mask>
    <System Ref="system_40"/>
  </Block>
  <Block BlockType="SubSystem" Name="SubSystem5" SID="39">
    <P Name="Ports">[]</P>
    <P Name="Position">[-621, 263, -256, 284]</P>
    <P Name="ZOrder">286</P>
    <P Name="BackgroundColor">lightBlue</P>
    <P Name="DropShadow">on</P>
    <P Name="ShowName">off</P>
    <P Name="AttributesFormatString">\n</P>
    <P Name="OpenFcn">sfundemo_openfcn</P>
    <P Name="RequestExecContextInheritance">off</P>
    <Mask>
      <Display RunInitForIconRedraw="on">disp(x);</Display>
      <Initialization>x=sfundemo_maskdisp;</Initialization>
      <MaskParameter Name="filename" Type="edit" Evaluate="off" Tunable="off">
        <Prompt>filename</Prompt>
        <Value>my_func.c</Value>
      </MaskParameter>
    </Mask>
    <System Ref="system_39"/>
  </Block>
  <Block BlockType="Constant" Name="lower_ saturation_ limit" SID="82">
    <P Name="Position">[-1045, 775, -1015, 805]</P>
    <P Name="ZOrder">312</P>
    <P Name="ShowName">off</P>
    <P Name="Value">0</P>
    <P Name="OutDataTypeStr">int32</P>
    <Port>
      <P Name="PortNumber">1</P>
      <P Name="Name">lower_saturation_limit</P>
      <P Name="DataLoggingName">lower_saturation_limit</P>
    </Port>
  </Block>
  <Block BlockType="Constant" Name="upper_saturation_limit" SID="83">
    <P Name="Position">[-1045, 720, -1015, 750]</P>
    <P Name="ZOrder">311</P>
    <P Name="ShowName">off</P>
    <P Name="Value">40</P>
    <P Name="OutDataTypeStr">int32</P>
    <Port>
      <P Name="PortNumber">1</P>
      <P Name="Name">upper_saturation_limit</P>
      <P Name="DataLoggingName">upper_saturation_limit</P>
    </Port>
  </Block>
  <Block BlockType="Outport" Name="Out1" SID="7">
    <P Name="Position">[-730, 173, -700, 187]</P>
    <P Name="ZOrder">6</P>
    <Object Reference="true" PropName="Mappings" ObjectID="/simulink/blockdiagram.xml:5"/>
    <P Name="VectorParamsAs1DForOutWhenUnconnected">off</P>
  </Block>
  <Block BlockType="Outport" Name="Out2" SID="15">
    <P Name="Position">[-725, 348, -695, 362]</P>
    <P Name="ZOrder">16</P>
    <Object Reference="true" PropName="Mappings" ObjectID="/simulink/blockdiagram.xml:7"/>
    <P Name="Port">2</P>
    <P Name="VectorParamsAs1DForOutWhenUnconnected">off</P>
  </Block>
  <Block BlockType="Outport" Name="Out3" SID="108">
    <P Name="Position">[-740, 563, -710, 577]</P>
    <P Name="ZOrder">336</P>
    <Object Reference="true" PropName="Mappings" ObjectID="/simulink/blockdiagram.xml:9"/>
    <P Name="Port">3</P>
    <P Name="VectorParamsAs1DForOutWhenUnconnected">off</P>
  </Block>
  <Block BlockType="Outport" Name="Out4" SID="84">
    <P Name="Position">[-320, 433, -290, 447]</P>
    <P Name="ZOrder">329</P>
    <Object Reference="true" PropName="Mappings" ObjectID="/simulink/blockdiagram.xml:11"/>
    <P Name="Port">4</P>
    <P Name="VectorParamsAs1DForOutWhenUnconnected">off</P>
  </Block>
  <Block BlockType="Outport" Name="Out5" SID="93">
    <P Name="Position">[-460, 633, -430, 647]</P>
    <P Name="ZOrder">330</P>
    <Object Reference="true" PropName="Mappings" ObjectID="/simulink/blockdiagram.xml:13"/>
    <P Name="Port">5</P>
    <P Name="VectorParamsAs1DForOutWhenUnconnected">off</P>
  </Block>
  <Block BlockType="Outport" Name="Out6" SID="85">
    <P Name="Position">[-460, 683, -430, 697]</P>
    <P Name="ZOrder">309</P>
    <Object Reference="true" PropName="Mappings" ObjectID="/simulink/blockdiagram.xml:15"/>
    <P Name="Port">6</P>
    <P Name="VectorParamsAs1DForOutWhenUnconnected">off</P>
  </Block>
  <Block BlockType="Outport" Name="Out7" SID="86">
    <P Name="Position">[-460, 733, -430, 747]</P>
    <P Name="ZOrder">308</P>
    <Object Reference="true" PropName="Mappings" ObjectID="/simulink/blockdiagram.xml:17"/>
    <P Name="Port">7</P>
    <P Name="VectorParamsAs1DForOutWhenUnconnected">off</P>
  </Block>
  <Line>
    <P Name="ZOrder">1</P>
    <P Name="Src">4#out:1</P>
    <P Name="Points">[19, 0]</P>
    <Branch>
      <P Name="ZOrder">53</P>
      <P Name="Points">[0, -40]</P>
      <P Name="Dst">8#in:1</P>
    </Branch>
    <Branch>
      <P Name="ZOrder">26</P>
      <P Name="Dst">16#in:1</P>
    </Branch>
  </Line>
  <Line>
    <P Name="ZOrder">66</P>
    <P Name="Src">11#out:1</P>
    <P Name="Points">[75, 0; 0, -20]</P>
    <P Name="Dst">16#in:2</P>
  </Line>
  <Line>
    <P Name="ZOrder">68</P>
    <P Name="Src">16#out:1</P>
    <P Name="Points">[36, 0]</P>
    <Branch>
      <P Name="ZOrder">297</P>
      <P Name="Points">[0, 49; 729, 0; 0, -59]</P>
      <P Name="Dst">114#in:2</P>
    </Branch>
    <Branch>
      <P Name="ZOrder">296</P>
      <P Name="Points">[15, 0]</P>
      <Branch>
        <P Name="ZOrder">42</P>
        <P Name="Points">[0, -40]</P>
        <P Name="Dst">8#in:2</P>
      </Branch>
      <Branch>
        <P Name="ZOrder">41</P>
        <P Name="Dst">7#in:1</P>
      </Branch>
    </Branch>
  </Line>
  <Line>
    <P Name="ZOrder">250</P>
    <P Name="Src">103#out:1</P>
    <P Name="Points">[47, 0]</P>
    <Branch>
      <P Name="ZOrder">216</P>
      <P Name="Dst">15#in:1</P>
    </Branch>
    <Branch>
      <P Name="ZOrder">183</P>
      <P Name="Points">[0, -40]</P>
      <P Name="Dst">13#in:2</P>
    </Branch>
  </Line>
  <Line>
    <P Name="ZOrder">87</P>
    <P Name="Src">27#out:1</P>
    <P Name="Points">[20, 0]</P>
    <Branch>
      <P Name="ZOrder">249</P>
      <P Name="Points">[0, -55]</P>
      <P Name="Dst">13#in:1</P>
    </Branch>
    <Branch>
      <P Name="ZOrder">248</P>
      <P Name="Dst">103#in:1</P>
    </Branch>
  </Line>
  <Line>
    <P Name="Name">lower_saturation_limit</P>
    <P Name="ZOrder">104</P>
    <P Name="Labels">[0, 0]</P>
    <P Name="Src">82#out:1</P>
    <P Name="Dst">79#in:2</P>
  </Line>
  <Line>
    <P Name="Name">&lt;input&gt;</P>
    <P Name="ZOrder">107</P>
    <P Name="Labels">[0, 0]</P>
    <P Name="Src">72#out:1</P>
    <P Name="Points">[55, 0]</P>
    <Branch>
      <P Name="ZOrder">138</P>
      <P Name="Points">[0, -25]</P>
      <P Name="Dst">93#in:1</P>
    </Branch>
    <Branch>
      <P Name="ZOrder">106</P>
      <P Name="Dst">76#in:1</P>
    </Branch>
  </Line>
  <Line>
    <P Name="Name">&lt;upper_saturation_limit&gt;</P>
    <P Name="ZOrder">110</P>
    <P Name="Labels">[0, 0]</P>
    <P Name="Src">72#out:2</P>
    <P Name="Points">[55, 0]</P>
    <Branch>
      <P Name="ZOrder">109</P>
      <P Name="Dst">77#in:1</P>
    </Branch>
    <Branch>
      <P Name="ZOrder">108</P>
      <P Name="Points">[0, -25]</P>
      <P Name="Dst">85#in:1</P>
    </Branch>
  </Line>
  <Line>
    <P Name="ZOrder">125</P>
    <P Name="Src">87#out:1</P>
    <P Name="Dst">72#in:1</P>
  </Line>
  <Line>
    <P Name="Name">upper_saturation_limit</P>
    <P Name="ZOrder">112</P>
    <P Name="Labels">[0, 0]</P>
    <P Name="Src">83#out:1</P>
    <P Name="Dst">79#in:1</P>
  </Line>
  <Line>
    <P Name="ZOrder">122</P>
    <P Name="Src">75#out:1</P>
    <P Name="Points">[-40, 0]</P>
    <P Name="Dst">87#in:2</P>
  </Line>
  <Line>
    <P Name="Name">COUNTERBUS</P>
    <P Name="ZOrder">124</P>
    <P Name="Labels">[0, 0]</P>
    <P Name="Src">73#out:1</P>
    <P Name="Dst">87#in:1</P>
  </Line>
  <Line>
    <P Name="Name">&lt;lower_saturation_limit&gt;</P>
    <P Name="ZOrder">117</P>
    <P Name="Labels">[0, 0]</P>
    <P Name="Src">72#out:3</P>
    <P Name="Points">[55, 0]</P>
    <Branch>
      <P Name="ZOrder">116</P>
      <P Name="Dst">78#in:1</P>
    </Branch>
    <Branch>
      <P Name="ZOrder">115</P>
      <P Name="Points">[0, -25]</P>
      <P Name="Dst">86#in:1</P>
    </Branch>
  </Line>
  <Line>
    <P Name="Name">limits</P>
    <P Name="ZOrder">118</P>
    <P Name="Labels">[0, 0]</P>
    <P Name="Src">79#out:1</P>
    <P Name="Points">[65, 0]</P>
    <P Name="Dst">73#in:2</P>
  </Line>
  <Line>
    <P Name="ZOrder">123</P>
    <P Name="Src">87#out:2</P>
    <P Name="Points">[14, 0; 0, 80]</P>
    <P Name="Dst">75#in:1</P>
  </Line>
  <Line>
    <P Name="Name">input</P>
    <P Name="ZOrder">120</P>
    <P Name="Labels">[1, 0]</P>
    <P Name="Src">80#out:1</P>
    <P Name="Dst">81#in:1</P>
  </Line>
  <Line>
    <P Name="Name">inputsignal</P>
    <P Name="ZOrder">121</P>
    <P Name="Labels">[0, 0]</P>
    <P Name="Src">81#out:1</P>
    <P Name="Points">[65, 0]</P>
    <P Name="Dst">73#in:1</P>
  </Line>
  <Line>
    <P Name="ZOrder">140</P>
    <P Name="Src">94#out:1</P>
    <P Name="Points">[11, 0]</P>
    <Branch>
      <P Name="ZOrder">148</P>
      <P Name="Points">[0, 60]</P>
      <P Name="Dst">95#in:1</P>
    </Branch>
    <Branch>
      <P Name="ZOrder">143</P>
      <P Name="Points">[59, 0]</P>
      <Branch>
        <P Name="ZOrder">149</P>
        <P Name="Dst">84#in:1</P>
      </Branch>
      <Branch>
        <P Name="ZOrder">147</P>
        <P Name="Points">[0, -40]</P>
        <P Name="Dst">92#in:1</P>
      </Branch>
    </Branch>
  </Line>
  <Line>
    <P Name="ZOrder">141</P>
    <P Name="Src">95#out:1</P>
    <P Name="Points">[-50, 0; 0, -70]</P>
    <P Name="Dst">94#in:1</P>
  </Line>
  <Line>
    <P Name="ZOrder">146</P>
    <P Name="Src">96#out:1</P>
    <P Name="Dst">95#in:2</P>
  </Line>
  <Line>
    <P Name="ZOrder">283</P>
    <P Name="Src">105#out:1</P>
    <P Name="Points">[19, 0]</P>
    <Branch>
      <P Name="ZOrder">291</P>
      <P Name="Points">[0, 60]</P>
      <P Name="Dst">108#in:1</P>
    </Branch>
    <Branch>
      <P Name="ZOrder">289</P>
      <P Name="Dst">110#in:1</P>
    </Branch>
  </Line>
  <Line>
    <P Name="ZOrder">287</P>
    <P Name="Src">109#out:1</P>
    <P Name="Dst">105#in:1</P>
  </Line>
  <Line>
    <P Name="ZOrder">294</P>
    <P Name="Src">112#out:1</P>
    <P Name="Dst">114#in:1</P>
  </Line>
  <Line>
    <P Name="ZOrder">295</P>
    <P Name="Src">114#out:1</P>
    <P Name="Points">[30, 0; 0, -10]</P>
    <P Name="Dst">113#in:1</P>
  </Line>
  <Annotation SID="101">
    <P Name="Position">[-1090, 102, -666, 258]</P>
    <P Name="InternalMargins">[0, 0, 0, 0]</P>
    <P Name="FixedHeight">on</P>
    <P Name="FixedWidth">on</P>
    <P Name="HorizontalAlignment">left</P>
    <P Name="VerticalAlignment">top</P>
    <P Name="ForegroundColor">[0.952941, 0.952941, 0.952941]</P>
    <P Name="BackgroundColor">[0.952941, 0.952941, 0.952941]</P>
    <P Name="DropShadow">on</P>
    <P Name="AnnotationType">area_annotation</P>
    <P Name="ZOrder">843</P>
    <P Name="FontSize">12</P>
  </Annotation>
  <Annotation SID="100">
    <P Name="Position">[-646, 354, -252, 600]</P>
    <P Name="InternalMargins">[0, 0, 0, 0]</P>
    <P Name="FixedHeight">on</P>
    <P Name="FixedWidth">on</P>
    <P Name="HorizontalAlignment">left</P>
    <P Name="VerticalAlignment">top</P>
    <P Name="ForegroundColor">[0.952941, 0.952941, 0.952941]</P>
    <P Name="BackgroundColor">[0.952941, 0.952941, 0.952941]</P>
    <P Name="DropShadow">on</P>
    <P Name="AnnotationType">area_annotation</P>
    <P Name="ZOrder">845</P>
    <P Name="FontSize">12</P>
  </Annotation>
  <Annotation SID="99">
    <P Name="Position">[-1090, 274, -666, 430]</P>
    <P Name="InternalMargins">[0, 0, 0, 0]</P>
    <P Name="FixedHeight">on</P>
    <P Name="FixedWidth">on</P>
    <P Name="HorizontalAlignment">left</P>
    <P Name="VerticalAlignment">top</P>
    <P Name="ForegroundColor">[0.952941, 0.952941, 0.952941]</P>
    <P Name="BackgroundColor">[0.952941, 0.952941, 0.952941]</P>
    <P Name="DropShadow">on</P>
    <P Name="AnnotationType">area_annotation</P>
    <P Name="ZOrder">844</P>
    <P Name="FontSize">12</P>
  </Annotation>
  <Annotation SID="98">
    <P Name="Position">[-1090, 623, -250, 857]</P>
    <P Name="InternalMargins">[0, 0, 0, 0]</P>
    <P Name="FixedHeight">on</P>
    <P Name="FixedWidth">on</P>
    <P Name="HorizontalAlignment">left</P>
    <P Name="VerticalAlignment">top</P>
    <P Name="ForegroundColor">[0.952941, 0.952941, 0.952941]</P>
    <P Name="BackgroundColor">[0.952941, 0.952941, 0.952941]</P>
    <P Name="DropShadow">on</P>
    <P Name="AnnotationType">area_annotation</P>
    <P Name="ZOrder">847</P>
    <P Name="FontSize">12</P>
  </Annotation>
  <Annotation SID="29">
    <P Name="Name">Copyright 2019 The MathWorks, Inc.</P>
    <P Name="Position">[-769, 876, -596, 891]</P>
    <P Name="InternalMargins">[0, 0, 0, 0]</P>
    <P Name="ZOrder">-2</P>
    <P Name="FontWeight">bold</P>
  </Annotation>
  <Annotation SID="35">
    <P Name="Name">&lt;!DOCTYPE HTML PUBLIC &quot;-//W3C//DTD HTML 4.0//EN&quot; &quot;http://www.w3.org/TR/REC-html40/strict.dtd&quot;&gt;
&lt;html&gt;&lt;head&gt;&lt;meta name=&quot;qrichtext&quot; content=&quot;1&quot; /&gt;&lt;style type=&quot;text/css&quot;&gt;
p, li { white-space: pre-wrap; }
&lt;/style&gt;&lt;/head&gt;&lt;body style=&quot; font-family:&apos;Arial&apos;; font-size:16px; font-weight:600; font-style:normal;&quot;&gt;
&lt;p style=&quot; margin-top:0px; margin-bottom:0px; margin-left:0px; margin-right:0px; -qt-block-indent:0; text-indent:0px;&quot;&gt;&lt;span style=&quot; font-size:20px;&quot;&gt; Call C Functions Using C Caller Block&lt;/span&gt;&lt;/p&gt;&lt;/body&gt;&lt;/html&gt;</P>
    <P Name="Position">[-628, 134, -259, 162]</P>
    <P Name="InternalMargins">[1, 1, 1, 1]</P>
    <P Name="HorizontalAlignment">left</P>
    <P Name="Interpreter">rich</P>
    <P Name="ZOrder">-4</P>
    <P Name="FontSize">16</P>
    <P Name="FontWeight">bold</P>
  </Annotation>
  <Annotation SID="111">
    <P Name="Position">[-1090, 447, -666, 603]</P>
    <P Name="InternalMargins">[0, 0, 0, 0]</P>
    <P Name="FixedHeight">on</P>
    <P Name="FixedWidth">on</P>
    <P Name="HorizontalAlignment">left</P>
    <P Name="VerticalAlignment">top</P>
    <P Name="ForegroundColor">[0.952941, 0.952941, 0.952941]</P>
    <P Name="BackgroundColor">[0.952941, 0.952941, 0.952941]</P>
    <P Name="DropShadow">on</P>
    <P Name="AnnotationType">area_annotation</P>
    <P Name="ZOrder">846</P>
    <P Name="FontSize">12</P>
  </Annotation>
</System>
