<?xml version="1.0" encoding="utf-8"?>
<ConfigSet>
  <Object Version="20.1.0" ClassName="Simulink.ConfigSet">
    <P Name="DisabledProps" Class="double">[]</P>
    <P Name="Description"/>
    <Array PropName="Components" Type="Handle" Dimension="1*11">
      <Object ObjectID="2" Version="20.1.0" ClassName="Simulink.SolverCC">
        <P Name="DisabledProps" Class="double">[]</P>
        <P Name="Description"/>
        <P Name="Components" Class="double">[]</P>
        <P Name="StartTime">0.0</P>
        <P Name="StopTime">30</P>
        <P Name="AbsTol">auto</P>
        <P Name="AutoScaleAbsTol">on</P>
        <P Name="FixedStep">0.1</P>
        <P Name="InitialStep">auto</P>
        <P Name="MaxOrder">5</P>
        <P Name="ZcThreshold">auto</P>
        <P Name="ConsecutiveZCsStepRelTol">10*128*eps</P>
        <P Name="MaxConsecutiveZCs">1000</P>
        <P Name="ExtrapolationOrder">4</P>
        <P Name="NumberNewtonIterations">1</P>
        <P Name="MaxStep">auto</P>
        <P Name="MinStep">auto</P>
        <P Name="MaxConsecutiveMinStep">1</P>
        <P Name="RelTol">1e-3</P>
        <P Name="EnableMultiTasking">on</P>
        <P Name="ConcurrentTasks">off</P>
        <P Name="SolverName">FixedStepDiscrete</P>
        <P Name="SolverJacobianMethodControl">auto</P>
        <P Name="ShapePreserveControl">DisableAll</P>
        <P Name="ZeroCrossControl">UseLocalSettings</P>
        <P Name="ZeroCrossAlgorithm">Nonadaptive</P>
        <P Name="AlgebraicLoopSolver">TrustRegion</P>
        <P Name="SolverInfoToggleStatus">on</P>
        <P Name="IsAutoAppliedInSIP">off</P>
        <P Name="SolverResetMethod">Fast</P>
        <P Name="PositivePriorityOrder">off</P>
        <P Name="AutoInsertRateTranBlk">off</P>
        <P Name="SampleTimeConstraint">Unconstrained</P>
        <P Name="InsertRTBMode">Whenever possible</P>
        <P Name="SampleTimeProperty" Class="double">[]</P>
        <P Name="DecoupledContinuousIntegration">off</P>
        <P Name="MinimalZcImpactIntegration">off</P>
        <P Name="ODENIntegrationMethod">ode3</P>
      </Object>
      <Object ObjectID="3" Version="20.1.0" ClassName="Simulink.DataIOCC">
        <P Name="DisabledProps" Class="double">[]</P>
        <P Name="Description"/>
        <P Name="Components" Class="double">[]</P>
        <P Name="Decimation">1</P>
        <P Name="ExternalInput">[t, u]</P>
        <P Name="FinalStateName">xFinal</P>
        <P Name="InitialState">xInitial</P>
        <P Name="LimitDataPoints">off</P>
        <P Name="MaxDataPoints">1000</P>
        <P Name="LoadExternalInput">off</P>
        <P Name="LoadInitialState">off</P>
        <P Name="SaveFinalState">off</P>
        <P Name="SaveOperatingPoint">off</P>
        <P Name="SaveFormat">StructureWithTime</P>
        <P Name="SignalLoggingSaveFormat">Dataset</P>
        <P Name="SaveOutput">on</P>
        <P Name="SaveState">off</P>
        <P Name="SignalLogging">on</P>
        <P Name="DSMLogging">on</P>
        <P Name="InspectSignalLogs">off</P>
        <P Name="VisualizeSimOutput">on</P>
        <P Name="StreamToWorkspace">off</P>
        <P Name="StreamVariableName">streamout</P>
        <P Name="SaveTime">off</P>
        <P Name="ReturnWorkspaceOutputs">on</P>
        <P Name="StateSaveName">xout</P>
        <P Name="TimeSaveName">tout</P>
        <P Name="OutputSaveName">yout</P>
        <P Name="SignalLoggingName">logsout</P>
        <P Name="DSMLoggingName">dsmout</P>
        <P Name="OutputOption">RefineOutputTimes</P>
        <P Name="OutputTimes">[]</P>
        <P Name="ReturnWorkspaceOutputsName">out</P>
        <P Name="Refine">1</P>
        <P Name="LoggingToFile">off</P>
        <P Name="DatasetSignalFormat">timeseries</P>
        <P Name="LoggingFileName">out.mat</P>
        <P Name="LoggingIntervals">[-inf, inf]</P>
      </Object>
      <Object ObjectID="4" Version="20.1.0" ClassName="Simulink.OptimizationCC">
        <P Name="DisabledProps" Class="double">[]</P>
        <P Name="Description"/>
        <P Name="Components" Class="double">[]</P>
        <P Name="BlockReduction">on</P>
        <P Name="BooleanDataType">on</P>
        <P Name="ConditionallyExecuteInputs">on</P>
        <P Name="DefaultParameterBehavior">Tunable</P>
        <P Name="UseDivisionForNetSlopeComputation">off</P>
        <P Name="GainParamInheritBuiltInType">off</P>
        <P Name="UseFloatMulNetSlope">off</P>
        <P Name="DefaultUnderspecifiedDataType">double</P>
        <P Name="UseSpecifiedMinMax">off</P>
        <P Name="InlineInvariantSignals">off</P>
        <P Name="OptimizeBlockIOStorage">on</P>
        <P Name="BufferReuse">on</P>
        <P Name="EnhancedBackFolding">on</P>
        <P Name="CachingGlobalReferences">off</P>
        <P Name="GlobalBufferReuse">on</P>
        <P Name="StrengthReduction">off</P>
        <P Name="AdvancedOptControl"/>
        <P Name="ExpressionFolding">on</P>
        <P Name="BooleansAsBitfields">off</P>
        <P Name="BitfieldContainerType">uint_T</P>
        <P Name="BitwiseOrLogicalOp">Same as modeled</P>
        <P Name="EnableMemcpy">on</P>
        <P Name="MemcpyThreshold">64</P>
        <P Name="PassReuseOutputArgsAs">Individual arguments</P>
        <P Name="PassReuseOutputArgsThreshold">12</P>
        <P Name="ExpressionDepthLimit">128</P>
        <P Name="LocalBlockOutputs">on</P>
        <P Name="RollThreshold">5</P>
        <P Name="StateBitsets">off</P>
        <P Name="DataBitsets">off</P>
        <P Name="ActiveStateOutputEnumStorageType">Native Integer</P>
        <P Name="ZeroExternalMemoryAtStartup">off</P>
        <P Name="ZeroInternalMemoryAtStartup">off</P>
        <P Name="InitFltsAndDblsToZero">off</P>
        <P Name="NoFixptDivByZeroProtection">off</P>
        <P Name="EfficientFloat2IntCast">off</P>
        <P Name="EfficientMapNaN2IntZero">on</P>
        <P Name="LifeSpan">auto</P>
        <P Name="MaxStackSize">64</P>
        <P Name="BufferReusableBoundary">on</P>
        <P Name="SimCompilerOptimization">off</P>
        <P Name="AccelVerboseBuild">on</P>
        <P Name="OptimizeBlockOrder">speed</P>
        <P Name="OptimizeDataStoreBuffers">on</P>
        <P Name="BusAssignmentInplaceUpdate">on</P>
        <P Name="DifferentSizesBufferReuse">on</P>
        <P Name="UseRowMajorAlgorithm">off</P>
        <P Name="OptimizationLevel">level2</P>
        <P Name="OptimizationPriority">Balanced</P>
        <P Name="OptimizationCustomize">off</P>
        <P Name="LabelGuidedReuse">off</P>
        <P Name="MultiThreadedLoops">off</P>
        <P Name="DenormalBehavior">GradualUnderflow</P>
        <P Name="EfficientTunableParamExpr">on</P>
      </Object>
      <Object ObjectID="5" Version="20.1.0" ClassName="Simulink.DebuggingCC">
        <P Name="DisabledProps" Class="double">[]</P>
        <P Name="Description"/>
        <P Name="Components" Class="double">[]</P>
        <P Name="RTPrefix">error</P>
        <P Name="ConsistencyChecking">none</P>
        <P Name="ArrayBoundsChecking">none</P>
        <P Name="SignalInfNanChecking">none</P>
        <P Name="StringTruncationChecking">error</P>
        <P Name="SignalRangeChecking">none</P>
        <P Name="ReadBeforeWriteMsg">UseLocalSettings</P>
        <P Name="WriteAfterWriteMsg">UseLocalSettings</P>
        <P Name="WriteAfterReadMsg">UseLocalSettings</P>
        <P Name="AlgebraicLoopMsg">warning</P>
        <P Name="ArtificialAlgebraicLoopMsg">warning</P>
        <P Name="SaveWithDisabledLinksMsg">warning</P>
        <P Name="SaveWithParameterizedLinksMsg">warning</P>
        <P Name="CheckSSInitialOutputMsg">on</P>
        <P Name="UnderspecifiedInitializationDetection">Simplified</P>
        <P Name="MergeDetectMultiDrivingBlocksExec">error</P>
        <P Name="CheckExecutionContextPreStartOutputMsg">off</P>
        <P Name="CheckExecutionContextRuntimeOutputMsg">off</P>
        <P Name="SignalResolutionControl">UseLocalSettings</P>
        <P Name="BlockPriorityViolationMsg">warning</P>
        <P Name="MinStepSizeMsg">warning</P>
        <P Name="TimeAdjustmentMsg">none</P>
        <P Name="MaxConsecutiveZCsMsg">error</P>
        <P Name="MaskedZcDiagnostic">warning</P>
        <P Name="IgnoredZcDiagnostic">warning</P>
        <P Name="SolverPrmCheckMsg">none</P>
        <P Name="InheritedTsInSrcMsg">warning</P>
        <P Name="MultiTaskDSMMsg">error</P>
        <P Name="MultiTaskCondExecSysMsg">error</P>
        <P Name="MultiTaskRateTransMsg">error</P>
        <P Name="SingleTaskRateTransMsg">none</P>
        <P Name="TasksWithSamePriorityMsg">warning</P>
        <P Name="ExportedTasksRateTransMsg">none</P>
        <P Name="SigSpecEnsureSampleTimeMsg">warning</P>
        <P Name="CheckMatrixSingularityMsg">none</P>
        <P Name="IntegerOverflowMsg">warning</P>
        <P Name="Int32ToFloatConvMsg">warning</P>
        <P Name="ParameterDowncastMsg">error</P>
        <P Name="ParameterOverflowMsg">error</P>
        <P Name="ParameterUnderflowMsg">none</P>
        <P Name="ParameterPrecisionLossMsg">warning</P>
        <P Name="ParameterTunabilityLossMsg">error</P>
        <P Name="FixptConstUnderflowMsg">none</P>
        <P Name="FixptConstOverflowMsg">none</P>
        <P Name="FixptConstPrecisionLossMsg">none</P>
        <P Name="UnderSpecifiedDataTypeMsg">none</P>
        <P Name="UnnecessaryDatatypeConvMsg">none</P>
        <P Name="VectorMatrixConversionMsg">none</P>
        <P Name="FcnCallInpInsideContextMsg">error</P>
        <P Name="SignalLabelMismatchMsg">none</P>
        <P Name="UnconnectedInputMsg">warning</P>
        <P Name="UnconnectedOutputMsg">warning</P>
        <P Name="UnconnectedLineMsg">warning</P>
        <P Name="UseOnlyExistingSharedCode">error</P>
        <P Name="SFcnCompatibilityMsg">none</P>
        <P Name="FrameProcessingCompatibilityMsg">error</P>
        <P Name="UniqueDataStoreMsg">none</P>
        <P Name="BusObjectLabelMismatch">none</P>
        <P Name="RootOutportRequireBusObject">warning</P>
        <P Name="AssertControl">UseLocalSettings</P>
        <P Name="AllowSymbolicDim">on</P>
        <P Name="RowMajorDimensionSupport">off</P>
        <P Name="ModelReferenceIOMsg">none</P>
        <P Name="ModelReferenceMultiInstanceNormalModeStructChecksumCheck">error</P>
        <P Name="ModelReferenceVersionMismatchMessage">none</P>
        <P Name="ModelReferenceIOMismatchMessage">none</P>
        <P Name="UnknownTsInhSupMsg">warning</P>
        <P Name="ModelReferenceDataLoggingMessage">warning</P>
        <P Name="ModelReferenceNoExplicitFinalValueMsg">none</P>
        <P Name="ModelReferenceSymbolNameMessage">warning</P>
        <P Name="ModelReferenceExtraNoncontSigs">error</P>
        <P Name="StateNameClashWarn">none</P>
        <P Name="OperatingPointInterfaceChecksumMismatchMsg">warning</P>
        <P Name="NonCurrentReleaseOperatingPointMsg">error</P>
        <P Name="ChecksumConsistencyForSSReuse">none</P>
        <P Name="PregeneratedLibrarySubsystemCodeDiagnostic">none</P>
        <P Name="MatchCodeGenerationContextForUpdateDiagram">none</P>
        <P Name="InitInArrayFormatMsg">warning</P>
        <P Name="StrictBusMsg">ErrorLevel1</P>
        <P Name="BusNameAdapt">WarnAndRepair</P>
        <P Name="NonBusSignalsTreatedAsBus">none</P>
        <P Name="SymbolicDimMinMaxWarning">warning</P>
        <P Name="LossOfSymbolicDimsSimulationWarning">warning</P>
        <P Name="LossOfSymbolicDimsCodeGenerationWarning">error</P>
        <P Name="SymbolicDimsDataTypeCodeGenerationDiagnostic">error</P>
        <P Name="BlockIODiagnostic">none</P>
        <P Name="SFUnusedDataAndEventsDiag">warning</P>
        <P Name="SFUnexpectedBacktrackingDiag">error</P>
        <P Name="SFInvalidInputDataAccessInChartInitDiag">warning</P>
        <P Name="SFNoUnconditionalDefaultTransitionDiag">error</P>
        <P Name="SFTransitionOutsideNaturalParentDiag">warning</P>
        <P Name="SFUnreachableExecutionPathDiag">warning</P>
        <P Name="SFUndirectedBroadcastEventsDiag">warning</P>
        <P Name="SFTransitionActionBeforeConditionDiag">warning</P>
        <P Name="SFOutputUsedAsStateInMooreChartDiag">error</P>
        <P Name="SFTemporalDelaySmallerThanSampleTimeDiag">warning</P>
        <P Name="SFSelfTransitionDiag">warning</P>
        <P Name="SFExecutionAtInitializationDiag">warning</P>
        <P Name="SFMachineParentedDataDiag">warning</P>
        <P Name="IntegerSaturationMsg">warning</P>
        <P Name="AllowedUnitSystems">all</P>
        <P Name="UnitsInconsistencyMsg">warning</P>
        <P Name="AllowAutomaticUnitConversions">on</P>
        <P Name="RCSCRenamedMsg">warning</P>
        <P Name="RCSCObservableMsg">warning</P>
        <P Name="ForceCombineOutputUpdateInSim">off</P>
        <P Name="UnitDatabase"/>
        <P Name="UnderSpecifiedDimensionMsg">none</P>
        <P Name="DebugExecutionForFMUViaOutOfProcess">off</P>
        <P Name="ArithmeticOperatorsInVariantConditions">warning</P>
        <P Name="VariantConditionMismatch">none</P>
      </Object>
      <Object ObjectID="6" Version="20.1.0" ClassName="Simulink.HardwareCC">
        <P Name="DisabledProps" Class="double">[]</P>
        <P Name="Description"/>
        <P Name="Components" Class="double">[]</P>
        <P Name="ProdBitPerChar">8</P>
        <P Name="ProdBitPerShort">16</P>
        <P Name="ProdBitPerInt">32</P>
        <P Name="ProdBitPerLong">32</P>
        <P Name="ProdBitPerLongLong">64</P>
        <P Name="ProdBitPerFloat">32</P>
        <P Name="ProdBitPerDouble">64</P>
        <P Name="ProdBitPerPointer">32</P>
        <P Name="ProdBitPerSizeT">32</P>
        <P Name="ProdBitPerPtrDiffT">32</P>
        <P Name="ProdLargestAtomicInteger">Char</P>
        <P Name="ProdLargestAtomicFloat">None</P>
        <P Name="ProdIntDivRoundTo">Undefined</P>
        <P Name="ProdEndianess">Unspecified</P>
        <P Name="ProdWordSize">32</P>
        <P Name="ProdShiftRightIntArith">on</P>
        <P Name="ProdLongLongMode">off</P>
        <P Name="ProdHWDeviceType">Generic-&gt;Unspecified (assume 32-bit Generic)</P>
        <P Name="TargetBitPerChar">8</P>
        <P Name="TargetBitPerShort">16</P>
        <P Name="TargetBitPerInt">32</P>
        <P Name="TargetBitPerLong">32</P>
        <P Name="TargetBitPerLongLong">64</P>
        <P Name="TargetBitPerFloat">32</P>
        <P Name="TargetBitPerDouble">64</P>
        <P Name="TargetBitPerPointer">32</P>
        <P Name="TargetBitPerSizeT">32</P>
        <P Name="TargetBitPerPtrDiffT">32</P>
        <P Name="TargetLargestAtomicInteger">Char</P>
        <P Name="TargetLargestAtomicFloat">None</P>
        <P Name="TargetShiftRightIntArith">on</P>
        <P Name="TargetLongLongMode">off</P>
        <P Name="TargetIntDivRoundTo">Undefined</P>
        <P Name="TargetEndianess">Unspecified</P>
        <P Name="TargetWordSize">32</P>
        <P Name="TargetPreprocMaxBitsSint">32</P>
        <P Name="TargetPreprocMaxBitsUint">32</P>
        <P Name="TargetHWDeviceType">Specified</P>
        <P Name="TargetUnknown">off</P>
        <P Name="ProdEqTarget">on</P>
        <P Name="UseEmbeddedCoderFeatures">on</P>
        <P Name="UseSimulinkCoderFeatures">on</P>
        <P Name="HardwareBoardFeatureSet">EmbeddedCoderHSP</P>
      </Object>
      <Object ObjectID="7" Version="20.1.0" ClassName="Simulink.ModelReferenceCC">
        <P Name="DisabledProps" Class="double">[]</P>
        <P Name="Description"/>
        <P Name="Components" Class="double">[]</P>
        <P Name="UpdateModelReferenceTargets">IfOutOfDateOrStructuralChange</P>
        <P Name="EnableRefExpFcnMdlSchedulingChecks">on</P>
        <P Name="CheckModelReferenceTargetMessage">error</P>
        <P Name="EnableParallelModelReferenceBuilds">off</P>
        <P Name="ParallelModelReferenceErrorOnInvalidPool">on</P>
        <P Name="ParallelModelReferenceMATLABWorkerInit">None</P>
        <P Name="ModelReferenceNumInstancesAllowed">Multi</P>
        <P Name="PropagateVarSize">Infer from blocks in model</P>
        <P Name="ModelDependencies"/>
        <P Name="ModelReferencePassRootInputsByReference">on</P>
        <P Name="ModelReferenceMinAlgLoopOccurrences">off</P>
        <P Name="PropagateSignalLabelsOutOfModel">on</P>
        <P Name="SupportModelReferenceSimTargetCustomCode">off</P>
      </Object>
      <Object ObjectID="8" Version="20.1.0" ClassName="Simulink.SFSimCC">
        <P Name="DisabledProps" Class="double">[]</P>
        <P Name="Description"/>
        <P Name="Components" Class="double">[]</P>
        <P Name="SimCustomSourceCode"/>
        <P Name="SimCustomHeaderCode">#include &quot;my_func.h&quot;</P>
        <P Name="SimCustomInitializer"/>
        <P Name="SimCustomTerminator"/>
        <P Name="SimReservedNameArray" Class="double">[]</P>
        <P Name="SimUserSources">src/my_func.c</P>
        <P Name="SimUserIncludeDirs">include</P>
        <P Name="SimUserLibraries"/>
        <P Name="SimUserDefines"/>
        <P Name="SimCustomCompilerFlags"/>
        <P Name="SimCustomLinkerFlags"/>
        <P Name="SFSimEcho">on</P>
        <P Name="SimCtrlC">on</P>
        <P Name="SimIntegrity">on</P>
        <P Name="SimUseLocalCustomCode">off</P>
        <P Name="SimParseCustomCode">on</P>
        <P Name="SimAnalyzeCustomCode">on</P>
        <P Name="SimGenImportedTypeDefs">off</P>
        <P Name="ModelFunctionsGlobalVisibility">on</P>
        <P Name="CompileTimeRecursionLimit">50</P>
        <P Name="EnableRuntimeRecursion">on</P>
        <P Name="MATLABDynamicMemAlloc">off</P>
        <P Name="MATLABDynamicMemAllocThreshold">65536</P>
        <P Name="CustomCodeFunctionArrayLayout" Class="double">[]</P>
        <P Name="DefaultCustomCodeFunctionArrayLayout">NotSpecified</P>
        <P Name="CustomCodeUndefinedFunction">FilterOut</P>
        <P Name="CustomCodeGlobalsAsFunctionIO">off</P>
        <P Name="SimTargetLang">C</P>
        <P Name="GPUAcceleration">off</P>
        <P Name="SimGPUMallocThreshold">200</P>
        <P Name="SimGPUStackLimitPerThread">1024</P>
        <P Name="SimGPUErrorChecks">off</P>
        <P Name="SimGPUCustomComputeCapability"/>
        <P Name="SimGPUCompilerFlags"/>
        <P Name="SimDLTargetLibrary">mkl-dnn</P>
        <P Name="SimDLAutoTuning">on</P>
      </Object>
      <Object BackupClass="Simulink.RTWCC" ObjectID="9" Version="20.1.0" ClassName="Simulink.RTWCC">
        <Array PropName="DisabledProps" Type="Cell" Dimension="1*2">
          <Cell Class="char">TargetLang</Cell>
          <Cell Class="char">PackageGeneratedCodeAndArtifacts</Cell>
        </Array>
        <P Name="Description">Embedded Coder</P>
        <P Name="SystemTargetFile">ert.tlc</P>
        <P Name="HardwareBoard">Robot Operating System (ROS)</P>
        <P Name="ShowCustomHardwareApp">off</P>
        <P Name="ShowEmbeddedHardwareApp">off</P>
        <P Name="TLCOptions">-aInlineSetEventsForThisBaseRateFcn=TLC_FALSE -aSuppressMultiTaskScheduler=TLC_FALSE  -aRateBasedStepFcn=0</P>
        <P Name="GenCodeOnly">off</P>
        <P Name="MakeCommand">make_rtw</P>
        <P Name="GenerateMakefile">on</P>
        <P Name="PackageGeneratedCodeAndArtifacts">off</P>
        <P Name="PackageName"/>
        <P Name="TemplateMakefile">ert_default_tmf</P>
        <P Name="PostCodeGenCommand">codertarget.postCodeGenHookCommand(h)</P>
        <P Name="GenerateReport">on</P>
        <P Name="RTWVerbose">on</P>
        <P Name="RetainRTWFile">off</P>
        <Array PropName="RTWBuildHooks" Type="Struct" Dimension="1*1">
          <MATStruct>
            <Field Name="className" Class="char">codertarget.tools.BuildHook</Field>
            <Array PropName="argsAllComponents" Type="Cell" Dimension="0*0"/>
            <Field Name="argsTopModelOnly" Class="double">[]</Field>
            <Field Name="excludedModels" Class="double">[]</Field>
            <Field Name="includeReferencedModels" Class="char">on</Field>
            <Field Name="includeTopModel" Class="char">on</Field>
            <Field Name="enabled" Class="char">on</Field>
          </MATStruct>
        </Array>
        <P Name="ProfileTLC">off</P>
        <P Name="TLCDebug">off</P>
        <P Name="TLCCoverage">off</P>
        <P Name="TLCAssert">off</P>
        <P Name="RTWUseLocalCustomCode">off</P>
        <P Name="RTWUseSimCustomCode">on</P>
        <P Name="CustomSourceCode"/>
        <P Name="CustomHeaderCode">#include &quot;my_func.h&quot;</P>
        <P Name="CustomInclude">include</P>
        <P Name="CustomSource">src/my_func.c</P>
        <P Name="CustomLibrary"/>
        <P Name="CustomDefine"/>
        <P Name="CustomBLASCallback"/>
        <P Name="CustomLAPACKCallback"/>
        <P Name="CustomFFTCallback"/>
        <P Name="CustomInitializer"/>
        <P Name="CustomTerminator"/>
        <P Name="Toolchain">Catkin</P>
        <P Name="BuildConfiguration">Faster Builds</P>
        <P Name="CustomToolchainOptions" Class="double">[]</P>
        <P Name="IncludeHyperlinkInReport">off</P>
        <P Name="LaunchReport">on</P>
        <P Name="PortableWordSizes">off</P>
        <P Name="CreateSILPILBlock">None</P>
        <P Name="CodeExecutionProfiling">off</P>
        <P Name="CodeExecutionProfileVariable">executionProfile</P>
        <P Name="CodeProfilingSaveOptions">SummaryOnly</P>
        <P Name="CodeProfilingInstrumentation">off</P>
        <P Name="SILDebugging">off</P>
        <P Name="TargetLang">C++</P>
        <P Name="GenerateGPUCode">None</P>
        <P Name="IncludeBusHierarchyInRTWFileBlockHierarchyMap">off</P>
        <P Name="GenerateTraceInfo">off</P>
        <P Name="GenerateTraceReport">off</P>
        <P Name="GenerateTraceReportSl">off</P>
        <P Name="GenerateTraceReportSf">off</P>
        <P Name="GenerateTraceReportEml">off</P>
        <P Name="GenerateWebview">off</P>
        <P Name="GenerateCodeMetricsReport">off</P>
        <P Name="GenerateCodeReplacementReport">off</P>
        <P Name="GenerateMissedCodeReplacementReport">off</P>
        <P Name="RTWCompilerOptimization">off</P>
        <P Name="ObjectivePriorities" Class="double">[]</P>
        <P Name="RTWCustomCompilerOptimizations"/>
        <P Name="CheckMdlBeforeBuild">Off</P>
        <P Name="SharedConstantsCachingThreshold">1024</P>
        <P Name="GPUKernelNamePrefix"/>
        <P Name="GPUDeviceID">-1</P>
        <P Name="GPUMallocMode">discrete</P>
        <P Name="GPUMallocThreshold">200</P>
        <P Name="GPUStackLimitPerThread">1024</P>
        <P Name="GPUcuBLAS">on</P>
        <P Name="GPUcuSOLVER">on</P>
        <P Name="GPUcuFFT">on</P>
        <P Name="GPUErrorChecks">off</P>
        <P Name="GPUComputeCapability">3.5</P>
        <P Name="GPUCustomComputeCapability"/>
        <P Name="GPUCompilerFlags"/>
        <P Name="DLTargetLibrary">none</P>
        <P Name="DLAutoTuning">on</P>
        <P Name="DLArmComputeVersion">19.05</P>
        <P Name="DLArmComputeArch">unspecified</P>
        <Array PropName="Components" Type="Handle" Dimension="1*2">
          <Object ObjectID="10" Version="20.1.0" ClassName="Simulink.CodeAppCC">
            <P Name="DisabledProps" Class="double">[]</P>
            <P Name="Description"/>
            <P Name="Components" Class="double">[]</P>
            <P Name="Comment"/>
            <P Name="ForceParamTrailComments">on</P>
            <P Name="GenerateComments">on</P>
            <P Name="CommentStyle">Auto</P>
            <P Name="IgnoreCustomStorageClasses">off</P>
            <P Name="IgnoreTestpoints">off</P>
            <P Name="MaxIdLength">31</P>
            <P Name="PreserveName">off</P>
            <P Name="PreserveNameWithParent">off</P>
            <P Name="ShowEliminatedStatement">on</P>
            <P Name="OperatorAnnotations">on</P>
            <P Name="SimulinkDataObjDesc">on</P>
            <P Name="SFDataObjDesc">on</P>
            <P Name="MATLABFcnDesc">off</P>
            <P Name="MangleLength">1</P>
            <P Name="SharedChecksumLength">8</P>
            <P Name="CustomSymbolStrGlobalVar">$R$N$M</P>
            <P Name="CustomSymbolStrType">$N$R$M_T</P>
            <P Name="CustomSymbolStrField">$N$M</P>
            <P Name="CustomSymbolStrFcn">$R$N$M$F</P>
            <P Name="CustomSymbolStrModelFcn">$R$N</P>
            <P Name="CustomSymbolStrFcnArg">rt$I$N$M</P>
            <P Name="CustomSymbolStrBlkIO">rtb_$N$M</P>
            <P Name="CustomSymbolStrTmpVar">$N$M</P>
            <P Name="CustomSymbolStrMacro">$R$N$M</P>
            <P Name="CustomSymbolStrUtil">$N$C</P>
            <P Name="CustomSymbolStrEmxType">emxArray_$M$N</P>
            <P Name="CustomSymbolStrEmxFcn">emx$M$N</P>
            <P Name="CustomUserTokenString"/>
            <P Name="CustomCommentsFcn"/>
            <P Name="DefineNamingRule">None</P>
            <P Name="DefineNamingFcn"/>
            <P Name="ParamNamingRule">None</P>
            <P Name="ParamNamingFcn"/>
            <P Name="SignalNamingRule">None</P>
            <P Name="SignalNamingFcn"/>
            <P Name="InsertBlockDesc">on</P>
            <P Name="InsertPolySpaceComments">off</P>
            <P Name="SimulinkBlockComments">on</P>
            <P Name="BlockCommentType">BlockPathComment</P>
            <P Name="StateflowObjectComments">off</P>
            <P Name="MATLABSourceComments">off</P>
            <P Name="EnableCustomComments">off</P>
            <P Name="InternalIdentifierFile"/>
            <P Name="InternalIdentifier">Shortened</P>
            <P Name="InlinedPrmAccess">Literals</P>
            <P Name="ReqsInCode">off</P>
            <P Name="UseSimReservedNames">off</P>
            <P Name="ReservedNameArray" Class="double">[]</P>
            <P Name="EnumMemberNameClash">error</P>
          </Object>
          <Object BackupClass="Simulink.TargetCC" ObjectID="11" Version="20.1.0" ClassName="Simulink.ERTTargetCC">
            <Array PropName="DisabledProps" Type="Cell" Dimension="1*1">
              <Cell Class="char">ERTFilePackagingFormat</Cell>
            </Array>
            <P Name="Description"/>
            <P Name="Components" Class="double">[]</P>
            <P Name="TargetFcnLib">ansi_tfl_table_tmw.mat</P>
            <P Name="TargetLibSuffix"/>
            <P Name="TargetPreCompLibLocation"/>
            <P Name="GenFloatMathFcnCalls">NOT IN USE</P>
            <P Name="TargetLangStandard">C89/C90 (ANSI)</P>
            <P Name="CodeReplacementLibrary">None</P>
            <P Name="UtilityFuncGeneration">Auto</P>
            <P Name="MultiwordTypeDef">System defined</P>
            <P Name="MultiwordLength">256</P>
            <P Name="DynamicStringBufferSize">256</P>
            <P Name="GenerateFullHeader">on</P>
            <P Name="InferredTypesCompatibility">off</P>
            <P Name="ExistingSharedCode"/>
            <P Name="GenerateSampleERTMain">off</P>
            <P Name="GenerateTestInterfaces">off</P>
            <P Name="ModelReferenceCompliant">on</P>
            <P Name="ParMdlRefBuildCompliant">on</P>
            <P Name="CompOptLevelCompliant">on</P>
            <P Name="ConcurrentExecutionCompliant">on</P>
            <P Name="IncludeMdlTerminateFcn">on</P>
            <P Name="CombineOutputUpdateFcns">on</P>
            <P Name="CombineSignalStateStructs">off</P>
            <P Name="GroupInternalDataByFunction">off</P>
            <P Name="SuppressErrorStatus">off</P>
            <P Name="IncludeFileDelimiter">Auto</P>
            <P Name="ERTCustomFileBanners">on</P>
            <P Name="SupportAbsoluteTime">on</P>
            <P Name="LogVarNameModifier">rt_</P>
            <P Name="MatFileLogging">off</P>
            <P Name="CodeInterfacePackaging">Nonreusable function</P>
            <P Name="PurelyIntegerCode">off</P>
            <P Name="SupportNonFinite">on</P>
            <P Name="SupportComplex">on</P>
            <P Name="SupportContinuousTime">off</P>
            <P Name="SupportNonInlinedSFcns">off</P>
            <P Name="RemoveDisableFunc">off</P>
            <P Name="RemoveResetFunc">on</P>
            <P Name="SupportVariableSizeSignals">off</P>
            <P Name="ParenthesesLevel">Nominal</P>
            <P Name="CastingMode">Nominal</P>
            <P Name="MATLABClassNameForMDSCustomization">Simulink.SoftwareTarget.ERTCustomization</P>
            <P Name="ModelStepFunctionPrototypeControlCompliant">on</P>
            <P Name="CPPClassGenCompliant">on</P>
            <P Name="AutosarCompliant">off</P>
            <P Name="MDXCompliant">off</P>
            <P Name="GRTInterface">off</P>
            <P Name="GenerateAllocFcn">off</P>
            <P Name="UseToolchainInfoCompliant">on</P>
            <P Name="GenerateSharedConstants">on</P>
            <P Name="CoderGroups" Class="double">[]</P>
            <P Name="AccessMethods" Class="double">[]</P>
            <P Name="LookupTableObjectStructAxisOrder">1,2,3,4,...</P>
            <P Name="LUTObjectStructOrderExplicitValues">Size,Breakpoints,Table</P>
            <P Name="LUTObjectStructOrderEvenSpacing">Size,Breakpoints,Table</P>
            <P Name="ArrayLayout">Column-major</P>
            <P Name="UnsupportedSFcnMsg">error</P>
            <P Name="ERTHeaderFileRootName">$R$E</P>
            <P Name="ERTSourceFileRootName">$R$E</P>
            <P Name="ERTDataFileRootName">$R_data</P>
            <P Name="GenerateASAP2">off</P>
            <P Name="DSAsUniqueAccess">off</P>
            <P Name="ExtMode">off</P>
            <P Name="ExtModeTransport">0</P>
            <P Name="ExtModeStaticAlloc">off</P>
            <P Name="ExtModeStaticAllocSize">1000000</P>
            <P Name="ExtModeTesting">off</P>
            <P Name="ExtModeMexFile">ext_comm</P>
            <P Name="ExtModeMexArgs"/>
            <P Name="ExtModeIntrfLevel">Level1</P>
            <P Name="InlinedParameterPlacement">Hierarchical</P>
            <P Name="TargetOS">BareBoardExample</P>
            <P Name="MultiInstanceErrorCode">Error</P>
            <P Name="RootIOFormat">Individual arguments</P>
            <P Name="RTWCAPISignals">off</P>
            <P Name="RTWCAPIParams">off</P>
            <P Name="RTWCAPIStates">off</P>
            <P Name="RTWCAPIRootIO">off</P>
            <P Name="ERTSrcFileBannerTemplate">ert_code_template.cgt</P>
            <P Name="ERTHdrFileBannerTemplate">ert_code_template.cgt</P>
            <P Name="ERTDataSrcFileTemplate">ert_code_template.cgt</P>
            <P Name="ERTDataHdrFileTemplate">ert_code_template.cgt</P>
            <P Name="ERTCustomFileTemplate">codertarget_file_process.tlc</P>
            <P Name="EnableDataOwnership">off</P>
            <P Name="SignalDisplayLevel">10</P>
            <P Name="ParamTuneLevel">10</P>
            <P Name="GlobalDataDefinition">Auto</P>
            <P Name="DataDefinitionFile">global.c</P>
            <P Name="GlobalDataReference">Auto</P>
            <P Name="ERTFilePackagingFormat">Modular</P>
            <P Name="RateTransitionBlockCode">Inline</P>
            <P Name="DataReferenceFile">global.h</P>
            <P Name="PreserveExpressionOrder">off</P>
            <P Name="PreserveIfCondition">off</P>
            <P Name="ConvertIfToSwitch">on</P>
            <P Name="PreserveExternInFcnDecls">on</P>
            <P Name="PreserveStaticInFcnDecls">on</P>
            <P Name="SuppressUnreachableDefaultCases">on</P>
            <P Name="EnableSignedLeftShifts">on</P>
            <P Name="EnableSignedRightShifts">on</P>
            <P Name="IndentStyle">K&amp;R</P>
            <P Name="IndentSize">2</P>
            <P Name="NewlineStyle">Default</P>
            <P Name="MaxLineWidth">80</P>
            <P Name="EnableUserReplacementTypes">off</P>
            <Array PropName="ReplacementTypes" Type="Struct" Dimension="1*1">
              <MATStruct>
                <Field Name="double" Class="char"/>
                <Field Name="single" Class="char"/>
                <Field Name="int32" Class="char"/>
                <Field Name="int16" Class="char"/>
                <Field Name="int8" Class="char"/>
                <Field Name="uint32" Class="char"/>
                <Field Name="uint16" Class="char"/>
                <Field Name="uint8" Class="char"/>
                <Field Name="boolean" Class="char"/>
                <Field Name="int" Class="char"/>
                <Field Name="uint" Class="char"/>
                <Field Name="char" Class="char"/>
                <Field Name="uint64" Class="char"/>
                <Field Name="int64" Class="char"/>
              </MATStruct>
            </Array>
            <P Name="MaxIdInt64">MAX_int64_T</P>
            <P Name="MinIdInt64">MIN_int64_T</P>
            <P Name="MaxIdUint64">MAX_uint64_T</P>
            <P Name="MaxIdInt32">MAX_int32_T</P>
            <P Name="MinIdInt32">MIN_int32_T</P>
            <P Name="MaxIdUint32">MAX_uint32_T</P>
            <P Name="MaxIdInt16">MAX_int16_T</P>
            <P Name="MinIdInt16">MIN_int16_T</P>
            <P Name="MaxIdUint16">MAX_uint16_T</P>
            <P Name="MaxIdInt8">MAX_int8_T</P>
            <P Name="MinIdInt8">MIN_int8_T</P>
            <P Name="MaxIdUint8">MAX_uint8_T</P>
            <P Name="BooleanTrueId">true</P>
            <P Name="BooleanFalseId">false</P>
            <P Name="TypeLimitIdReplacementHeaderFile"/>
            <P Name="MemSecPackage">--- None ---</P>
            <P Name="MemSecDataConstants">Default</P>
            <P Name="MemSecDataIO">Default</P>
            <P Name="MemSecDataInternal">Default</P>
            <P Name="MemSecDataParameters">Default</P>
            <P Name="MemSecFuncInitTerm">Default</P>
            <P Name="MemSecFuncExecute">Default</P>
            <P Name="MemSecFuncSharedUtil">Default</P>
            <P Name="GroupConstants">Default</P>
            <P Name="GroupRootInputs">Default</P>
            <P Name="GroupRootOutputs">Default</P>
            <P Name="GroupInternal">Default</P>
            <P Name="GroupParameters">Default</P>
            <P Name="GroupDataTransfer">Default</P>
            <P Name="GroupSharedLocalDataStores">Default</P>
            <P Name="GroupInstanceSpecificParameters">Default</P>
            <P Name="GroupModelData">Default</P>
            <P Name="ArrayContainerType">C-style array</P>
          </Object>
        </Array>
      </Object>
      <Object ObjectID="12" Version="20.1.0" ClassName="SlCovCC.ConfigComp">
        <P Name="DisabledProps" Class="double">[]</P>
        <P Name="Description">Simulink Coverage Configuration Component</P>
        <P Name="Components" Class="double">[]</P>
        <P Name="Name">Simulink Coverage</P>
        <P Name="CovEnable">off</P>
        <P Name="CovScope">EntireSystem</P>
        <P Name="CovIncludeTopModel">on</P>
        <P Name="RecordCoverage">off</P>
        <P Name="CovPath">/</P>
        <P Name="CovSaveName">covdata</P>
        <P Name="CovCompData"/>
        <P Name="CovMetricSettings">dw</P>
        <P Name="CovFilter"/>
        <P Name="CovHTMLOptions"/>
        <P Name="CovNameIncrementing">off</P>
        <P Name="CovForceBlockReductionOff">on</P>
        <P Name="CovEnableCumulative">on</P>
        <P Name="CovSaveCumulativeToWorkspaceVar">on</P>
        <P Name="CovSaveSingleToWorkspaceVar">on</P>
        <P Name="CovCumulativeVarName">covCumulativeData</P>
        <P Name="CovCumulativeReport">off</P>
        <P Name="CovSaveOutputData">on</P>
        <P Name="CovOutputDir">slcov_output/$ModelName$</P>
        <P Name="CovDataFileName">$ModelName$_cvdata</P>
        <P Name="CovReportOnPause">on</P>
        <P Name="CovModelRefEnable">off</P>
        <P Name="CovModelRefExcluded"/>
        <P Name="CovExternalEMLEnable">off</P>
        <P Name="CovSFcnEnable">on</P>
        <P Name="CovBoundaryAbsTol">1e-05</P>
        <P Name="CovBoundaryRelTol">0.01</P>
        <P Name="CovUseTimeInterval">off</P>
        <P Name="CovStartTime">0</P>
        <P Name="CovStopTime">0</P>
        <P Name="CovMcdcMode">Masking</P>
      </Object>
      <Object ObjectID="13" Version="20.1.0" ClassName="hdlcoderui.hdlcc">
        <P Name="DisabledProps" Class="double">[]</P>
        <P Name="Description">HDL Coder custom configuration component</P>
        <P Name="Components" Class="double">[]</P>
        <P Name="Name">HDL Coder</P>
        <Array PropName="HDLConfigFile" Type="Cell" Dimension="1*1">
          <Cell Class="char"> </Cell>
        </Array>
        <P Name="HDLCActiveTab">0</P>
      </Object>
      <Object ObjectID="14" Version="20.1.0" ClassName="CoderTarget.SettingsController">
        <P Name="DisabledProps" Class="double">[]</P>
        <P Name="Description">Coder Target</P>
        <P Name="Components" Class="double">[]</P>
        <P Name="Name">Coder Target</P>
        <Array PropName="CoderTargetData" Type="Struct" Dimension="1*1">
          <MATStruct>
            <Field Name="UseCoderTarget" Class="logical">1</Field>
            <Field Name="TargetHardware" Class="char">Robot Operating System (ROS)</Field>
            <Array PropName="ConnectionInfo" Type="Struct" Dimension="1*1">
              <MATStruct>
                <Array PropName="TCPIP" Type="Struct" Dimension="1*1">
                  <MATStruct>
                    <Field Name="IPAddress" Class="char">ros.codertarget.internal.DeviceParameters.getDeviceAddress</Field>
                    <Field Name="Port" Class="char">17725</Field>
                    <Field Name="Verbose" Class="logical">0</Field>
                    <Field Name="RunInBackground" Class="logical">1</Field>
                  </MATStruct>
                </Array>
              </MATStruct>
            </Array>
            <Array PropName="ExtMode" Type="Struct" Dimension="1*1">
              <MATStruct>
                <Field Name="Configuration" Class="char">TCP/IP</Field>
              </MATStruct>
            </Array>
            <Field Name="RTOS" Class="char">Linux</Field>
            <Field Name="RTOSBaseRateTaskPriority" Class="char">40</Field>
            <Field Name="DetectTaskOverruns" Class="double">0.0</Field>
            <Field Name="Scheduler_interrupt_source" Class="double">0.0</Field>
            <Array PropName="Packaging" Type="Struct" Dimension="1*1">
              <MATStruct>
                <Field Name="MaintainerName" Class="char">ROS User</Field>
                <Field Name="MaintainerEmail" Class="char">rosuser@test.com</Field>
                <Field Name="License" Class="char">BSD</Field>
                <Field Name="Version" Class="char">1.0.0</Field>
              </MATStruct>
            </Array>
            <Array PropName="BoardParameters" Type="Struct" Dimension="1*1">
              <MATStruct>
                <Field Name="DeviceAddress" Class="char"/>
                <Field Name="Username" Class="char"/>
              </MATStruct>
            </Array>
            <Array PropName="Runtime" Type="Struct" Dimension="1*1">
              <MATStruct>
                <Field Name="BuildAction" Class="char">None</Field>
              </MATStruct>
            </Array>
            <Array PropName="ROS" Type="Struct" Dimension="1*1">
              <MATStruct>
                <Field Name="Install" Class="char">/opt/ros/melodic</Field>
                <Field Name="CatkinWS" Class="char">~/simulink_catkin_ws</Field>
                <Field Name="ROSTimeStepping" Class="logical">0</Field>
                <Field Name="ROSTimeNotification" Class="logical">0</Field>
                <Field Name="StepNotify" Class="char">/step_notify</Field>
              </MATStruct>
            </Array>
            <Field Name="DataVersion" Class="char">2016.02</Field>
          </MATStruct>
        </Array>
      </Object>
    </Array>
    <P Name="Name">Configuration</P>
    <P Name="CurrentDlgPage">Code Generation</P>
    <P Name="ConfigPrmDlgPosition">[ 349, 157, 1269, 867 ]</P>
    <P Name="ExtraOptions"/>
  </Object>
</ConfigSet>
