<?xml version="1.0" encoding="utf-8"?>
<GraphicalInterface>
  <P Name="NumRootInports">0</P>
  <P Name="NumRootOutports">7</P>
  <Outport Name="Out1">
    <P Name="BusObject"/>
    <P Name="BusOutputAsStruct">off</P>
    <P Name="UnitExpr">inherit</P>
  </Outport>
  <Outport Name="Out2">
    <P Name="BusObject"/>
    <P Name="BusOutputAsStruct">off</P>
    <P Name="UnitExpr">inherit</P>
  </Outport>
  <Outport Name="Out3">
    <P Name="BusObject"/>
    <P Name="BusOutputAsStruct">off</P>
    <P Name="UnitExpr">inherit</P>
  </Outport>
  <Outport Name="Out4">
    <P Name="BusObject"/>
    <P Name="BusOutputAsStruct">off</P>
    <P Name="UnitExpr">inherit</P>
  </Outport>
  <Outport Name="Out5">
    <P Name="BusObject"/>
    <P Name="BusOutputAsStruct">off</P>
    <P Name="SignalName">input</P>
    <P Name="UnitExpr">inherit</P>
  </Outport>
  <Outport Name="Out6">
    <P Name="BusObject"/>
    <P Name="BusOutputAsStruct">off</P>
    <P Name="SignalName">upper_saturation_limit</P>
    <P Name="UnitExpr">inherit</P>
  </Outport>
  <Outport Name="Out7">
    <P Name="BusObject"/>
    <P Name="BusOutputAsStruct">off</P>
    <P Name="SignalName">lower_saturation_limit</P>
    <P Name="UnitExpr">inherit</P>
  </Outport>
  <P Name="ParameterArgumentNames"/>
  <P Name="NumModelReferences">0</P>
  <P Name="NumTestPointedSignals">0</P>
  <P Name="NumProvidedFunctions">0</P>
  <P Name="NumRequiredFunctions">0</P>
  <P Name="NumResetEvents">0</P>
  <P Name="HasInitializeEvent">0</P>
  <P Name="HasTerminateEvent">0</P>
  <P Name="PreCompExecutionDomainType">Unset</P>
  <P Name="IsExportFunctionModel">0</P>
  <P Name="IsArchitectureModel">0</P>
  <P Name="IsAUTOSARArchitectureModel">0</P>
  <P Name="NumParameterArguments">0</P>
  <P Name="NumExternalFileReferences">3</P>
  <ExternalFileReference>
    <P Name="Reference">robotlib/Blank Message</P>
    <P Name="Path">$bdroot/Blank Message</P>
    <P Name="SID">112</P>
    <P Name="Type">LIBRARY_BLOCK</P>
  </ExternalFileReference>
  <ExternalFileReference>
    <P Name="Reference">simulink/Sources/Enumerated
Constant</P>
    <P Name="Path">$bdroot/Enumerated Constant</P>
    <P Name="SID">96</P>
    <P Name="Type">LIBRARY_BLOCK</P>
  </ExternalFileReference>
  <ExternalFileReference>
    <P Name="Reference">robotlib/Publish</P>
    <P Name="Path">$bdroot/Publish</P>
    <P Name="SID">113</P>
    <P Name="Type">LIBRARY_BLOCK</P>
  </ExternalFileReference>
  <P Name="OrderedModelArguments">1</P>
</GraphicalInterface>
