<?xml version="1.0" encoding="UTF-8"?>
<sltp_graph version="1.1" packageUris="http://schema.mathworks.com/mf0/sltp_mm/R2020b_202003251737">
  <sltp.mm.core.Context type="sltp.mm.core.Context" uuid="18aa5c49-b5e1-42e0-8d1f-48992a90c061">
    <globalData type="sltp.mm.core.GlobalData" uuid="6e91a68f-426a-4978-b4e3-7c46cbcf25ee">
      <dataName>portOut1</dataName>
      <type>RootOutport</type>
    </globalData>
    <globalData type="sltp.mm.core.GlobalData" uuid="eff1ad79-3935-4026-864b-9da762cfede0">
      <dataName>portOut2</dataName>
      <type>RootOutport</type>
    </globalData>
    <globalData type="sltp.mm.core.GlobalData" uuid="cbb8107d-dc74-43de-9dcd-be77c67b763a">
      <dataName>portOut3</dataName>
      <type>RootOutport</type>
    </globalData>
    <globalData type="sltp.mm.core.GlobalData" uuid="59ae1a82-5a6c-4b0c-aa3e-7897654c5d03">
      <dataName>portOut4</dataName>
      <type>RootOutport</type>
    </globalData>
    <globalData type="sltp.mm.core.GlobalData" uuid="4c022e50-08e0-4799-98e7-46d4bd12ad66">
      <dataName>portOut5</dataName>
      <type>RootOutport</type>
    </globalData>
    <globalData type="sltp.mm.core.GlobalData" uuid="95181b80-089b-43fd-9f9d-7bb56b5ebe8f">
      <dataName>portOut6</dataName>
      <type>RootOutport</type>
    </globalData>
    <globalData type="sltp.mm.core.GlobalData" uuid="0c947774-174a-49a2-ad19-f659d3fd07e0">
      <dataName>portOut7</dataName>
      <type>RootOutport</type>
    </globalData>
    <priorityDirection>HighNumberLast</priorityDirection>
    <unusedTaskIds>1</unusedTaskIds>
    <unusedTaskIds>3</unusedTaskIds>
    <editorState type="sltp.mm.core.EditorState" uuid="a35bd1f6-6936-4988-9824-d781d85f7275">
      <isSynchronized>true</isSynchronized>
    </editorState>
    <rootTask type="sltp.mm.core.Task" uuid="724f6505-4846-4f31-aa3e-e740aa22c6d3">
      <context type="sltp.mm.core.Context" uuid="18aa5c49-b5e1-42e0-8d1f-48992a90c061"/>
      <explicit>false</explicit>
      <name>Default</name>
      <priority>-2147483648</priority>
      <subgraph type="sltp.mm.core.Graph" uuid="2361bb19-f0cf-4d41-93d6-3bbd1e04b25a">
        <tasks type="sltp.mm.core.Task" uuid="dc672cdd-8c26-467a-8864-0a465de99294">
          <context type="sltp.mm.core.Context" uuid="18aa5c49-b5e1-42e0-8d1f-48992a90c061"/>
          <explicit>false</explicit>
          <id>2</id>
          <isTimed>true</isTimed>
          <name>D1</name>
          <priority>40</priority>
          <rates type="sltp.mm.core.Rate" uuid="829a68f1-aa36-4d20-ba75-31abe902bda7">
            <annotation>D1</annotation>
            <color>-436207361</color>
            <hasBlocks>true</hasBlocks>
            <rateSpec type="sltp.mm.core.RateSpec">
              <period>.1</period>
            </rateSpec>
            <sti>0</sti>
          </rates>
        </tasks>
      </subgraph>
    </rootTask>
  </sltp.mm.core.Context>
</sltp_graph>