<?xml version="1.0" encoding="UTF-8"?>
<sltp_editor version="1.1" packageUris="http://schema.mathworks.com/mf0/DiagramEditor/R2019a_20181107 http://schema.mathworks.com/mf0/SltpSyntax/R2020b_202005081148">
  <sltp.mm.syntax.Context type="sltp.mm.syntax.Context" uuid="841c20d9-f27a-4dda-99ca-a8b000bb938b">
    <globalData type="sltp.mm.syntax.GlobalData" uuid="6830e6e3-cd22-48e4-a407-a0ee81f44c4f">
      <dataName>portOut1</dataName>
      <type>RootOutport</type>
    </globalData>
    <globalData type="sltp.mm.syntax.GlobalData" uuid="234c4d0b-d9e1-4076-b36b-6552be067c78">
      <dataName>portOut2</dataName>
      <type>RootOutport</type>
    </globalData>
    <globalData type="sltp.mm.syntax.GlobalData" uuid="0205449e-085c-410d-b10d-35a9de2bcc46">
      <dataName>portOut3</dataName>
      <type>RootOutport</type>
    </globalData>
    <globalData type="sltp.mm.syntax.GlobalData" uuid="ddd4ccd6-d9b9-4764-b3e9-71338839c878">
      <dataName>portOut4</dataName>
      <type>RootOutport</type>
    </globalData>
    <globalData type="sltp.mm.syntax.GlobalData" uuid="08e7adcf-6613-47d9-ab99-34c9135b6a66">
      <dataName>portOut5</dataName>
      <type>RootOutport</type>
    </globalData>
    <globalData type="sltp.mm.syntax.GlobalData" uuid="30223cf6-d7e9-4192-9242-911225a884bb">
      <dataName>portOut6</dataName>
      <type>RootOutport</type>
    </globalData>
    <globalData type="sltp.mm.syntax.GlobalData" uuid="03d525aa-e5b2-4310-b527-ea488910fd5b">
      <dataName>portOut7</dataName>
      <type>RootOutport</type>
    </globalData>
    <rootGraph type="sltp.mm.syntax.Graph" uuid="ac7a9d53-d278-43e3-bf3b-637126e0ede6">
      <children type="sltp.mm.syntax.Node" uuid="5dd04d0e-af06-47e9-8553-24a05e973a3f">
        <priority>40</priority>
        <rates type="sltp.mm.syntax.RateData">
          <color>#e60000</color>
          <hasBlocks>true</hasBlocks>
          <rate>0.1</rate>
          <title>D1</title>
        </rates>
        <title>D1</title>
        <type>implicit-periodic</type>
        <diagramElement type="diagram.editor.model.Entity" uuid="6ff10ca2-f670-41e7-99e5-b528951baa7b"/>
        <subgraph type="sltp.mm.syntax.Graph" uuid="f9ce7dbc-9e10-4641-b5d5-aa54dd4ba099">
          <title>D1</title>
          <diagramElement type="diagram.editor.model.Diagram" uuid="6ad9a86e-e2ef-40cb-9df1-92b0ea6a9edb"/>
        </subgraph>
      </children>
      <title>Default</title>
      <diagramElement type="diagram.editor.model.Diagram" uuid="e6b31c08-dc93-48e9-be59-51e96e39f1cc"/>
    </rootGraph>
  </sltp.mm.syntax.Context>
  <diagram.editor.model.Diagram type="diagram.editor.model.Diagram" uuid="e6b31c08-dc93-48e9-be59-51e96e39f1cc">
    <entities type="diagram.editor.model.Entity" uuid="6ff10ca2-f670-41e7-99e5-b528951baa7b">
      <position>0,0</position>
      <size>0,0,100,100</size>
      <syntaxElement type="sltp.mm.syntax.Node" uuid="5dd04d0e-af06-47e9-8553-24a05e973a3f"/>
      <title>D1</title>
      <type>implicit-periodic</type>
      <subDiagram type="diagram.editor.model.Diagram" uuid="6ad9a86e-e2ef-40cb-9df1-92b0ea6a9edb">
        <position>0,0</position>
        <size>0,0,0,0</size>
        <syntaxElement type="sltp.mm.syntax.Graph" uuid="f9ce7dbc-9e10-4641-b5d5-aa54dd4ba099"/>
        <title>D1</title>
        <type>graph.Graph</type>
      </subDiagram>
    </entities>
    <position>0,0</position>
    <size>0,0,0,0</size>
    <syntaxElement type="sltp.mm.syntax.Graph" uuid="ac7a9d53-d278-43e3-bf3b-637126e0ede6"/>
    <title>Default</title>
    <type>graph.Graph</type>
  </diagram.editor.model.Diagram>
</sltp_editor>